first_name,second_name,web_name,team,minutes,goals_scored,assists,clean_sheets,total_points,form,ict_index,influence,creativity,threat,now_cost,selected_by_percent
Fábio,Ferreira Vieira,Fábio Vieira,1,0,0,0,0,0,0.0,0.0,0.0,0.0,0.0,54,0.0
Gabriel,Fernando de Jesus,G.Jesus,1,600,3,2,2,42,0.0,52.6,154.4,119.5,255.0,65,1.0
Gabriel,dos Santos Magalhães,Gabriel,1,2363,3,2,10,117,0.0,108.2,584.6,208.8,287.0,61,12.2
Kai,Havertz,Havertz,1,1872,9,3,7,97,0.0,144.8,467.6,269.0,711.0,77,6.2
Karl,Hein,Hein,1,0,0,0,0,0,0.0,0.0,0.0,0.0,0.0,40,0.0
Jurriën,Timber,J.Timber,1,2415,1,3,11,114,0.0,94.2,393.0,296.8,254.0,55,4.3
Jorge Luiz,Frello Filho,Jorginho,1,701,0,0,2,20,0.0,14.2,44.8,88.8,8.0,46,0.2
Jakub,Kiwior,Kiwior,1,1117,1,0,3,43,0.0,39.2,267.2,91.3,32.0,49,3.8
Gabriel,Martinelli Silva,Martinelli,1,2284,8,4,10,125,0.0,206.1,559.8,587.8,912.0,65,3.1
Ethan,Nwaneri,Nwaneri,1,882,4,2,4,66,0.0,83.0,293.2,282.8,255.0,43,1.5
Martin,Ødegaard,Ødegaard,1,2321,3,9,11,116,0.0,198.8,524.6,968.7,493.0,82,5.7
David,Raya Martin,Raya,1,3420,0,0,13,142,0.0,76.7,755.4,10.7,0.0,56,32.6
Declan,Rice,Rice,1,2823,4,7,11,127,0.0,208.8,733.0,959.6,399.0,63,4.2
Bukayo,Saka,Saka,1,1724,6,11,7,127,0.0,227.9,606.0,842.8,830.0,104,20.2
William,Saliba,Saliba,1,3039,2,0,12,130,0.0,94.2,672.6,150.1,116.0,64,25.8
Thomas,Partey,Thomas,1,2793,4,3,9,108,0.0,123.2,626.6,377.9,223.0,49,0.7
Kieran,Tierney,Tierney,1,250,1,0,1,27,0.0,25.0,91.8,109.1,48.0,43,0.1
Tomiyasu,Takehiro,Tomiyasu,1,6,0,0,0,1,0.0,1.0,0.4,0.3,9.0,48,0.0
Leandro,Trossard,Trossard,1,2546,8,8,11,152,0.0,202.1,609.0,617.6,798.0,67,4.5
Benjamin,White,White,1,1195,0,2,5,50,0.0,51.0,247.6,162.6,100.0,62,4.4
Oleksandr,Zinchenko,Zinchenko,1,518,0,1,4,40,0.0,24.1,83.4,92.8,66.0,48,0.9
Norberto,Murara Neto,Neto,1,180,0,0,0,7,0.0,7.8,77.8,0.0,0.0,41,0.7
Raheem,Sterling,Sterling,1,490,0,2,1,26,0.0,31.3,67.2,125.5,122.0,67,0.8
Riccardo,Calafiori,Calafiori,1,978,2,1,1,39,0.0,54.6,252.6,118.2,176.0,58,1.5
Myles,Lewis-Skelly,Lewis-Skelly,1,1362,1,0,5,37,0.0,40.0,176.0,170.7,57.0,45,0.4
Mikel,Merino,Merino,1,1575,7,2,4,92,0.0,123.3,456.8,265.8,511.0,60,1.5
Salah-Eddine,Oulad M'hand,Oulad M'hand,1,0,0,0,0,0,0.0,0.0,0.0,0.0,0.0,45,0.0
Tommy,Setford,Setford,1,0,0,0,0,0,0.0,0.0,0.0,0.0,0.0,45,0.1
Maldini,Kacurri,Kacurri,1,0,0,0,0,0,0.0,0.0,0.0,0.0,0.0,40,0.0
Ismeal,Kabia,Kabia,1,0,0,0,0,0,0.0,0.0,0.0,0.0,0.0,45,0.0
Josh,Nichols,Nichols,1,0,0,0,0,0,0.0,0.0,0.0,0.0,0.0,40,0.1
Nathan,Butler-Oyedeji,Butler-Oyedeji,1,6,0,0,0,1,0.0,2.0,3.0,0.0,17.0,45,0.2
Mikel,Arteta,Arteta,1,0,0,0,0,104,0.0,0.0,0.0,0.0,0.0,15,9.0
Jack,Porter,Porter,1,0,0,0,0,0,0.0,0.0,0.0,0.0,0.0,40,0.0
Jimi,Gower,Gower,1,0,0,0,0,0,0.0,0.0,0.0,0.0,0.0,45,0.0
Jack,Henry-Francis,Jack Henry-Francis,1,0,0,0,0,0,0.0,0.0,0.0,0.0,0.0,45,0.0
Brayden,Clarke,Clarke,1,0,0,0,0,0,0.0,0.0,0.0,0.0,0.0,40,0.0
Leon,Bailey,Bailey,2,1132,1,2,2,47,0.0,70.3,146.4,235.8,325.0,62,0.8
Ross,Barkley,Barkley,2,567,3,1,1,44,0.0,54.8,215.4,128.1,206.0,52,0.2
Enzo,Barrenechea,Barrenechea,2,0,0,0,0,0,0.0,0.0,0.0,0.0,0.0,49,0.0
Emiliano,Buendía Stati,Buendia,2,89,0,0,0,11,0.0,5.2,16.4,23.2,16.0,51,0.1
Matty,Cash,Cash,2,2069,1,1,7,76,0.0,71.3,359.2,181.0,171.0,44,1.6
Leander,Dendoncker,Dendoncker,2,0,0,0,0,0,0.0,0.0,0.0,0.0,0.0,45,0.2
Moussa,Diaby,Diaby,2,0,0,0,0,0,0.0,0.0,0.0,0.0,0.0,65,0.0
Diego Carlos,Santos Silva,Diego Carlos,2,828,0,0,2,21,0.0,21.5,150.6,9.2,54.0,45,0.3
Lucas,Digne,Digne,2,2348,0,5,6,89,0.0,120.7,512.6,583.9,112.0,44,5.6
Lewis,Dobbin,Dobbin,2,0,0,0,0,0,0.0,0.0,0.0,0.0,0.0,50,0.0
Jhon,Durán,Duran,2,622,7,0,2,53,0.0,67.5,273.8,68.9,334.0,57,1.6
Joe,Gauci,Gauci,2,0,0,0,0,0,0.0,0.0,0.0,0.0,0.0,40,0.5
Kortney,Hause,Hause,2,0,0,0,0,0,0.0,0.0,0.0,0.0,0.0,39,0.5
Samuel,Iling-Junior,Iling Jr,2,0,0,0,0,0,0.0,0.0,0.0,0.0,0.0,54,0.0
Boubacar,Kamara,Kamara,2,1720,1,0,6,57,0.0,60.2,326.6,191.0,83.0,50,0.1
Kaine,Kesler-Hayden,Kesler-Hayden,2,0,0,0,0,0,0.0,0.0,0.0,0.0,0.0,40,0.0
Ezri,Konsa Ngoyo,Konsa,2,2936,2,0,8,103,0.0,82.4,532.8,123.9,166.0,45,9.5
Ian,Maatsen,Maatsen,2,1125,1,2,3,57,0.0,74.3,252.0,293.4,197.0,45,1.6
Filip,Marschall,Marschall,2,0,0,0,0,0,0.0,0.0,0.0,0.0,0.0,40,0.0
Emiliano,Martínez Romero,Martinez,2,3195,0,0,8,111,0.0,86.0,839.6,20.0,0.0,50,13.3
John,McGinn,McGinn,2,2217,1,4,8,78,0.0,103.7,277.2,500.6,263.0,52,0.7
Tyrone,Mings,Mings,2,1119,0,1,4,47,0.0,34.6,220.4,49.2,74.0,44,0.2
Kosta,Nedeljković,Nedeljkovic,2,121,0,0,0,5,0.0,3.0,22.8,7.2,0.0,39,0.5
Robin,Olsen,Olsen,2,225,0,0,1,9,0.0,5.9,59.2,0.0,0.0,45,0.1
Pau,Torres,Pau,2,2019,0,0,5,55,0.0,54.0,350.6,84.5,102.0,42,0.8
Jacob,Ramsey,Ramsey,2,1616,1,4,5,66,0.0,78.7,235.4,307.9,245.0,54,0.3
Morgan,Rogers,Rogers,2,3115,8,11,10,161,0.0,214.3,731.6,722.7,689.0,58,25.8
Viljami,Sinisalo,Sinisalo,2,0,0,0,0,0,0.0,0.0,0.0,0.0,0.0,40,0.0
Lino,da Cruz Sousa,Sousa,2,0,0,0,0,0,0.0,0.0,0.0,0.0,0.0,40,0.0
Youri,Tielemans,Tielemans,2,3025,3,7,7,121,0.0,209.6,799.6,963.1,333.0,55,1.1
Ollie,Watkins,Watkins,2,2593,16,8,10,186,0.0,223.8,766.0,345.2,1148.0,92,29.0
Axel,Disasi,Disasi,2,851,1,0,3,33,0.0,29.7,169.6,75.6,51.0,42,0.4
Amadou,Onana,Onana,2,1613,3,0,6,65,0.0,77.0,358.0,194.8,215.0,48,2.1
Marcus,Rashford,Rashford,2,1414,6,4,7,95,0.0,122.1,398.4,451.1,369.0,66,3.7
Lamare,Bogarde,Bogarde,2,473,0,0,0,6,0.0,13.3,84.8,33.3,15.0,39,0.2
Sil,Swinkels,Swinkels,2,0,0,0,0,0,0.0,0.0,0.0,0.0,0.0,40,0.1
Oliwier,Zych,Zych,2,0,0,0,0,0,0.0,0.0,0.0,0.0,0.0,40,0.5
Kadan,Young,Young,2,0,0,0,0,0,0.0,0.0,0.0,0.0,0.0,44,0.2
Ben,Broggio,Broggio,2,0,0,0,0,0,0.0,0.0,0.0,0.0,0.0,45,0.0
Jamaldeen,Jimoh,Jimoh,2,0,0,0,0,0,0.0,0.0,0.0,0.0,0.0,45,0.0
Donyell,Malen,Malen,2,296,3,0,0,34,0.0,38.5,138.2,42.7,208.0,53,0.2
Andrés,García,A. Garcia,2,316,0,0,0,8,0.0,12.0,45.6,68.4,7.0,45,0.1
Unai,Emery,Emery,2,0,0,0,0,105,0.0,0.0,0.0,0.0,0.0,8,7.7
Marco,Asensio,M.Asensio,2,740,3,2,3,44,0.0,67.2,200.6,232.5,242.0,60,2.4
Max,Aarons,Aarons,3,84,0,0,1,8,0.0,1.7,13.2,3.2,0.0,43,0.1
Tyler,Adams,Adams,3,1959,0,3,6,58,0.0,75.9,411.8,261.2,83.0,49,0.1
Jaidon,Anthony,Anthony,3,0,0,0,0,0,0.0,0.0,0.0,0.0,0.0,45,0.1
David,Brooks,Brooks,3,941,2,1,3,52,0.0,80.4,193.6,316.7,300.0,49,0.0
Ryan,Christie,Christie,3,2114,2,3,8,76,0.0,139.6,514.0,576.8,303.0,48,0.1
Lewis,Cook,Cook,3,2976,1,4,5,82,0.0,144.9,607.0,727.1,114.0,50,0.1
Enes,Ünal,Enes Ünal,3,330,2,1,2,32,0.0,35.9,104.0,56.1,207.0,54,0.1
Romain,Faivre,Faivre,3,0,0,0,0,0,0.0,0.0,0.0,0.0,0.0,50,0.0
Hamed,Traorè,H.Traorè,3,0,0,0,0,0,0.0,0.0,0.0,0.0,0.0,45,0.0
James,Hill,Hill,3,443,0,1,1,17,0.0,16.6,97.0,38.4,29.0,39,0.5
Daniel,Jebbison,Jebbison,3,105,1,0,0,20,0.0,16.6,58.2,39.1,70.0,45,1.1
Milos,Kerkez,Kerkez,3,3336,2,6,9,134,0.0,157.3,694.0,642.0,238.0,53,20.0
Justin,Kluivert,Kluivert,3,2339,12,6,13,158,0.0,212.0,700.0,654.1,771.0,59,11.0
Chris,Mepham,Mepham,3,0,0,0,0,0,0.0,0.0,0.0,0.0,0.0,44,0.0
Dango,Ouattara,O.Dango,3,1998,7,4,7,111,0.0,187.2,624.6,496.8,754.0,45,0.9
Alex,Paulsen,Paulsen,3,0,0,0,0,0,0.0,0.0,0.0,0.0,0.0,40,0.0
Philip,Billing,Philip,3,176,0,0,0,10,0.0,20.4,54.0,102.4,47.0,48,0.0
Alex,Scott,Scott,3,745,0,0,3,26,0.0,43.2,141.6,171.6,118.0,47,0.0
Antoine,Semenyo,Semenyo,3,3202,11,7,11,165,0.0,267.8,792.2,688.9,1204.0,57,8.0
Marcos,Senesi,Senesi,3,1103,0,0,2,31,0.0,39.6,271.6,84.2,39.0,46,0.3
Luis,Sinisterra,Sinisterra,3,229,1,1,0,23,0.0,42.3,112.0,115.3,195.0,48,0.1
Adam,Smith,Smith,3,1586,0,0,6,57,0.0,35.0,181.8,147.2,24.0,44,0.1
Marcus,Tavernier,Tavernier,3,1932,3,7,4,87,0.0,155.4,447.0,664.8,442.0,54,0.2
Mark,Travers,Travers,3,450,0,0,1,19,0.0,14.6,146.4,0.0,0.0,44,0.1
Illia,Zabarnyi,Zabarnyi,3,3109,0,1,8,94,0.0,92.0,651.4,177.0,88.0,44,0.5
Kepa,Arrizabalaga,Arrizabalaga,3,2790,0,0,8,106,0.0,75.8,744.4,10.4,4.0,46,3.7
Dean,Huijsen,Huijsen,3,2422,3,2,7,104,0.0,123.6,826.4,217.6,193.0,45,5.0
Julián,Araujo Zúñiga,J.Araujo,3,492,0,0,0,12,0.0,9.2,56.8,30.6,4.0,43,0.1
Will,Dennis,Dennis,3,0,0,0,0,0,0.0,0.0,0.0,0.0,0.0,39,0.3
Francisco Evanilson,de Lima Barbosa,Evanilson,3,2317,10,5,11,128,0.0,174.8,456.0,331.9,966.0,59,8.5
Max,Kinsey,Kinsey,3,0,0,0,0,0,0.0,0.0,0.0,0.0,0.0,40,0.0
Ben,Winterburn,Winterburn,3,22,0,0,0,4,0.0,0.4,2.4,0.2,2.0,45,0.0
Archie,Harris,Harris,3,0,0,0,0,0,0.0,0.0,0.0,0.0,0.0,40,0.0
Remy,Rees-Dottin,Rees-Dottin,3,1,0,0,0,1,0.0,0.0,0.0,0.0,0.0,45,0.1
Matai,Akinmboni,Akinmboni,3,0,0,0,0,0,0.0,0.0,0.0,0.0,0.0,40,0.0
Julio,Soler,Soler,3,9,0,0,0,3,0.0,0.4,2.2,1.8,0.0,39,0.0
Daniel,Adu-Adjei,Adu-Adjei,3,0,0,0,0,0,0.0,0.0,0.0,0.0,0.0,45,0.0
Dominic,Sadi,Sadi,3,0,0,0,0,0,0.0,0.0,0.0,0.0,0.0,45,0.0
Callan,McKenna,McKenna,3,0,0,0,0,0,0.0,0.0,0.0,0.0,0.0,40,0.0
Zain,Silcott-Duberry,Silcott-Duberry,3,1,0,0,0,1,0.0,0.3,2.0,1.0,0.0,45,0.0
Andoni,Iraola,Iraola,3,0,0,0,0,82,0.0,0.0,0.0,0.0,0.0,11,4.8
Kristoffer,Ajer,Ajer,4,1433,0,0,3,39,0.0,48.5,199.0,128.1,158.0,44,0.2
Ethan,Brierley,Brierley,4,0,0,0,0,0,0.0,0.0,0.0,0.0,0.0,44,0.1
Nathan,Collins,Collins,4,3420,2,7,8,127,0.0,149.6,1023.2,160.5,311.0,46,4.5
Mikkel,Damsgaard,Damsgaard,4,2911,2,10,11,131,0.0,205.9,714.8,1006.4,338.0,49,1.2
Josh,Dasilva,Dasilva,4,0,0,0,0,0,0.0,0.0,0.0,0.0,0.0,48,0.0
Mark,Flekken,Flekken,4,3275,0,2,7,138,0.0,132.5,1298.4,30.3,0.0,45,10.0
Rico,Henry,Henry,4,94,0,0,0,4,0.0,1.7,13.6,2.1,2.0,43,0.0
Aaron,Hickey,Hickey,4,0,0,0,0,0,0.0,0.0,0.0,0.0,0.0,43,0.0
Vitaly,Janelt,Janelt,4,2251,1,3,6,73,0.0,77.2,356.6,284.2,131.0,48,0.2
Mathias,Jensen,Jensen,4,846,0,2,2,38,0.0,43.8,157.0,249.5,32.0,53,0.1
Kim,Ji-soo,Ji-soo,4,28,0,0,0,3,0.0,0.6,5.0,0.8,0.0,39,0.3
Yunus Emre,Konak,Konak,4,53,0,0,0,10,0.0,1.2,8.0,4.5,3.0,44,0.1
Keane,Lewis-Potter,Lewis-Potter,4,3092,1,5,8,94,0.0,139.9,542.0,462.2,391.0,50,0.1
Bryan,Mbeumo,Mbeumo,4,3415,20,9,9,236,0.0,340.8,1236.8,1107.5,1060.0,83,46.7
Ben,Mee,Mee,4,180,0,0,1,9,0.0,4.6,36.8,3.0,6.0,42,0.3
Christian,Nørgaard,Nørgaard,4,2820,5,5,6,107,0.0,147.9,735.4,333.0,409.0,48,0.2
Frank,Onyeka,Onyeka,4,23,0,0,0,2,0.0,0.0,0.0,0.5,0.0,49,0.0
Myles,Peart-Harris,Peart-Harris,4,0,0,0,0,0,0.0,0.0,0.0,0.0,0.0,45,0.0
Ethan,Pinnock,Pinnock,4,1912,2,0,2,47,0.0,83.6,540.2,101.2,193.0,44,0.3
Mads,Roerslev Rasmussen,Roerslev,4,1100,0,2,2,36,0.0,48.0,214.4,185.8,78.0,43,0.1
Kevin,Schade,Schade,4,2281,11,4,10,149,0.0,183.3,630.8,312.7,892.0,53,3.3
Igor Thiago,Nascimento Rodrigues,Thiago,4,167,0,0,0,9,0.0,5.8,18.2,30.6,12.0,59,0.0
Ivan,Toney,Toney,4,0,0,0,0,0,0.0,0.0,0.0,0.0,0.0,73,1.1
Hákon,Valdimarsson,Valdimarsson,4,144,0,0,0,2,0.0,2.1,21.4,0.1,0.0,39,2.9
Yoane,Wissa,Wissa,4,2921,18,6,9,185,0.0,242.4,849.4,400.0,1181.0,69,24.2
Yehor,Yarmoliuk,Yarmoliuk,4,1435,0,0,3,43,0.0,54.4,259.6,196.1,89.0,43,2.3
Mathias,Jorgensen,Zanka,4,0,0,0,0,0,0.0,0.0,0.0,0.0,0.0,45,0.0
Fábio,Freitas Gouveia Carvalho,Carvalho,4,443,2,1,0,35,0.0,36.3,142.2,71.5,154.0,45,0.4
Sepp,van den Berg,Van den Berg,4,2584,0,1,5,62,0.0,92.3,587.4,108.3,226.0,41,1.5
Ryan,Trevitt,Trevitt,4,3,0,0,0,1,0.0,0.3,2.6,0.1,0.0,44,0.0
Gustavo,Nunes Fernandes Gomes,G.Nunes,4,11,0,0,0,3,0.0,1.2,10.0,0.3,2.0,49,0.0
Jayden,Meghoma,Meghoma,4,4,0,0,0,1,0.0,0.1,0.2,0.3,0.0,40,0.0
Tony,Yogane,Yogane,4,0,0,0,0,0,0.0,0.0,0.0,0.0,0.0,45,0.0
Paris,Maghoma,Maghoma,4,112,0,0,0,8,0.0,5.4,27.8,15.8,10.0,45,0.0
Benjamin,Arthur,Arthur,4,0,0,0,0,0,0.0,0.0,0.0,0.0,0.0,40,0.0
Thomas,Frank,Frank,4,0,0,0,0,116,0.0,0.0,0.0,0.0,0.0,8,15.1
Michael,Kayode,Kayode,4,523,0,1,2,27,0.0,24.2,105.2,105.2,30.0,45,0.1
Julian,Eyestone,Eyestone,4,0,0,0,0,0,0.0,0.0,0.0,0.0,0.0,40,0.0
Iwan,Morgan,Morgan,4,0,0,0,0,0,0.0,0.0,0.0,0.0,0.0,45,0.0
Benjamin,Fredrick,Benjamin Fredrick,4,0,0,0,0,0,0.0,0.0,0.0,0.0,0.0,40,0.0
Simon,Adingra,Adingra,5,1081,2,3,2,60,0.0,80.9,212.4,261.9,337.0,51,0.3
Benicio,Baker-Boaitey,Baker-Boaitey,5,0,0,0,0,0,0.0,0.0,0.0,0.0,0.0,45,0.0
Carlos,Baleba,Baleba,5,2660,3,1,8,87,0.0,105.2,515.4,343.7,193.0,50,0.2
Valentín,Barco,Barco,5,0,0,0,0,0,0.0,0.0,0.0,0.0,0.0,40,1.9
Amario,Cozier-Duberry,Cozier-Duberry,5,0,0,0,0,0,0.0,0.0,0.0,0.0,0.0,45,0.0
Mahmoud,Dahoud,Dahoud,5,0,0,0,0,0,0.0,0.0,0.0,0.0,0.0,49,0.0
Lewis,Dunk,Dunk,5,2081,0,1,4,44,0.0,66.9,425.4,115.7,128.0,42,2.3
Pervis,Estupiñán,Estupiñan,5,2399,1,1,3,63,0.0,120.8,504.4,530.1,173.0,49,1.3
Billy,Gilmour,Gilmour,5,97,0,0,0,3,0.0,2.5,11.4,11.9,2.0,50,0.0
Pascal,Groß,Gross,5,0,0,0,0,0,0.0,0.0,0.0,0.0,0.0,65,0.0
Jack,Hinshelwood,Hinshelwood,5,1839,5,3,6,89,0.0,97.0,394.6,268.1,304.0,49,0.1
Ibrahim,Osman,I.Osman,5,0,0,0,0,0,0.0,0.0,0.0,0.0,0.0,50,0.0
Igor Julio,dos Santos de Paulo,Igor,5,959,0,0,1,18,0.0,24.9,189.6,54.7,4.0,43,0.1
João Pedro,Junqueira de Jesus,João Pedro,5,1946,10,6,6,126,0.0,166.0,567.0,456.0,644.0,55,8.5
Kacper,Kozłowski,Kozlowski,5,0,0,0,0,0,0.0,0.0,0.0,0.0,0.0,45,0.0
Tariq,Lamptey,Lamptey,5,856,2,2,2,42,0.0,36.8,213.6,101.0,52.0,44,0.2
Solly,March,March,5,161,0,0,0,7,0.0,10.1,24.0,59.6,18.0,65,0.0
Adrian,Mazilu,Mazilu,5,0,0,0,0,0,0.0,0.0,0.0,0.0,0.0,45,0.0
James,Milner,Milner,5,170,0,0,1,6,0.0,10.7,28.6,66.3,12.0,50,0.0
Yankuba,Minteh,Minteh,5,1831,6,5,4,102,0.0,159.1,523.8,448.9,615.0,48,1.0
Mitoma,Kaoru,Mitoma,5,2597,10,5,6,145,0.0,210.7,670.6,578.0,856.0,63,6.3
Jakub,Moder,Moder,5,9,0,0,0,4,0.0,5.4,15.8,36.0,2.0,44,0.4
Mark,O’Mahony,O’Mahony,5,0,0,0,0,0,0.0,0.0,0.0,0.0,0.0,45,0.2
Odeluga,Offiah,Offiah,5,0,0,0,0,0,0.0,0.0,0.0,0.0,0.0,40,0.1
Cameron,Peupion,Peupion,5,0,0,0,0,0,0.0,0.0,0.0,0.0,0.0,44,0.0
Jeremy,Sarmiento Morante,Sarmiento,5,8,0,0,0,1,0.0,0.1,0.2,0.8,0.0,49,0.0
Jason,Steele,Steele,5,180,0,0,1,9,0.0,4.1,40.4,0.0,0.0,40,0.7
Deniz,Undav,Undav,5,0,0,0,0,0,0.0,0.0,0.0,0.0,0.0,55,0.0
Jan Paul,van Hecke,Van Hecke,5,2960,1,1,7,87,0.0,118.3,736.6,261.8,182.0,45,0.7
Joël,Veltman,Veltman,5,1694,0,0,6,59,0.0,48.1,273.0,147.2,59.0,43,1.1
Bart,Verbruggen,Verbruggen,5,3240,0,1,7,103,0.0,85.8,849.8,10.0,0.0,45,2.5
Adam,Webster,Webster,5,885,0,1,4,39,0.0,30.2,198.4,49.7,55.0,43,0.1
Danny,Welbeck,Welbeck,5,2109,10,5,7,125,0.0,155.8,550.2,331.3,676.0,55,6.9
Mats,Wieffer,Wieffer,5,1003,1,5,2,52,0.0,68.5,328.8,230.4,129.0,47,0.1
Brajan,Gruda,Gruda,5,676,1,4,1,45,0.0,69.1,196.6,311.6,187.0,54,0.1
Yasin,Ayari,Ayari,5,1958,2,1,7,74,0.0,111.7,363.2,507.5,247.0,50,0.1
Andrew,Moran,Moran,5,0,0,0,0,0,0.0,0.0,0.0,0.0,0.0,50,0.0
Carl,Rushworth,Rushworth,5,0,0,0,0,0,0.0,0.0,0.0,0.0,0.0,39,0.1
Georginio,Rutter,Georginio,5,1651,5,6,6,95,0.0,103.0,355.4,281.8,404.0,50,0.3
Ferdi,Kadioglu,F.Kadıoğlu,5,385,1,0,2,19,0.0,24.0,116.4,83.7,40.0,44,0.1
Matt,O'Riley,O'Riley,5,929,2,3,2,50,0.0,75.3,211.4,322.5,219.0,55,0.0
Imari,Samuels,Samuels,5,0,0,0,0,0,0.0,0.0,0.0,0.0,0.0,40,0.0
Killian,Cahill,Cahill,5,0,0,0,0,0,0.0,0.0,0.0,0.0,0.0,39,0.9
Ruairi,McConville,McConville,5,0,0,0,0,0,0.0,0.0,0.0,0.0,0.0,40,0.0
Jacob,Slater,Slater,5,0,0,0,0,0,0.0,0.0,0.0,0.0,0.0,40,0.0
Diego,Gómez,Gómez,5,507,1,1,0,30,0.0,33.6,124.2,143.2,69.0,55,0.0
Fabian,Hürzeler,Hürzeler,5,0,0,0,0,119,0.0,0.0,0.0,0.0,0.0,11,2.3
Joe,Knight,Knight,5,0,0,0,0,0,0.0,0.0,0.0,0.0,0.0,45,0.0
Eiran,Cashin,Cashin,5,19,0,0,0,1,0.0,0.7,7.0,0.6,0.0,45,0.0
Charlie,Tasker,Charlie Tasker,5,0,0,0,0,0,0.0,0.0,0.0,0.0,0.0,40,0.0
Freddie,Simmonds,Freddie Simmonds,5,0,0,0,0,0,0.0,0.0,0.0,0.0,0.0,40,0.0
Harry,Howell,Harry Howell,5,6,0,0,0,1,0.0,0.9,2.0,0.9,6.0,45,0.0
Andrey,Nascimento dos Santos,Andrey Santos,6,0,0,0,0,0,0.0,0.0,0.0,0.0,0.0,45,0.0
Ângelo Gabriel,Borges Damaceno,Ângelo,6,0,0,0,0,0,0.0,0.0,0.0,0.0,0.0,45,0.1
Benoît,Badiashile,B.Badiashile,6,332,0,0,0,7,0.0,7.9,66.0,12.6,0.0,42,0.1
Lucas,Bergström,Bergström,6,0,0,0,0,0,0.0,0.0,0.0,0.0,0.0,39,0.2
Marcus,Bettinelli,Bettinelli,6,0,0,0,0,0,0.0,0.0,0.0,0.0,0.0,39,0.4
Moisés,Caicedo Corozo,Caicedo,6,3351,1,4,12,98,0.0,129.2,627.6,568.8,95.0,49,1.0
Cesare,Casadei,Casadei,6,0,0,0,0,0,0.0,0.0,0.0,0.0,0.0,44,0.1
Trevoh,Chalobah,Chalobah,6,1969,3,1,6,93,0.0,84.6,496.4,124.2,222.0,44,0.7
Carney,Chukwuemeka,Chukwuemeka,6,0,0,0,0,0,0.0,0.0,0.0,0.0,0.0,47,0.0
Levi,Colwill,Colwill,6,3150,2,1,10,109,0.0,109.4,692.0,214.3,185.0,44,2.4
Marc,Cucurella Saseta,Cucurella,6,2988,5,2,9,133,0.0,137.9,668.6,350.6,358.0,54,11.8
David Datro,Fofana,D.D.Fofana,6,0,0,0,0,0,0.0,0.0,0.0,0.0,0.0,54,0.1
Deivid Washington,de Souza Eugênio,Deivid,6,0,0,0,0,0,0.0,0.0,0.0,0.0,0.0,49,0.1
Kiernan,Dewsbury-Hall,Dewsbury-Hall,6,257,0,1,0,18,0.0,12.6,57.4,47.4,21.0,55,0.1
Enzo,Fernández,Enzo,6,2943,6,8,10,135,0.0,241.3,761.6,1131.6,517.0,47,4.1
Conor,Gallagher,Gallagher,6,0,0,0,0,0,0.0,0.0,0.0,0.0,0.0,59,0.1
Alfie,Gilchrist,Gilchrist,6,0,0,0,0,0,0.0,0.0,0.0,0.0,0.0,40,0.0
Malo,Gusto,Gusto,6,1853,0,1,4,60,0.0,87.9,336.8,394.6,147.0,49,1.4
Reece,James,James,6,1057,1,2,3,54,0.0,46.7,207.6,202.1,56.0,48,1.1
Omari,Kellyman,Kellyman,6,0,0,0,0,0,0.0,0.0,0.0,0.0,0.0,43,0.1
Roméo,Lavia,Lavia,6,792,0,1,3,26,0.0,24.4,113.2,121.7,7.0,45,0.4
Romelu,Lukaku Bolingoli,Lukaku,6,0,0,0,0,0,0.0,0.0,0.0,0.0,0.0,63,0.2
Malang,Sarr,M.Sarr,6,0,0,0,0,0,0.0,0.0,0.0,0.0,0.0,45,0.0
Noni,Madueke,Madueke,6,2028,7,5,6,120,0.0,195.3,479.2,475.1,998.0,60,3.2
Marc,Guiu Paz,Marc Guiu,6,71,0,0,0,3,0.0,2.2,4.4,11.8,6.0,47,0.5
Mykhailo,Mudryk,Mudryk,6,145,0,0,0,7,0.0,8.5,23.2,31.5,31.0,61,0.2
Nicolas,Jackson,N.Jackson,6,2220,10,6,11,121,0.0,187.4,546.4,368.3,976.0,77,6.2
Christopher,Nkunku,Nkunku,6,904,3,2,2,60,0.0,77.1,230.2,204.9,339.0,57,2.0
Cole,Palmer,Palmer,6,3193,15,10,10,214,0.0,338.0,1068.2,1259.2,1052.0,105,34.3
Đorđe,Petrović,Petrović,6,0,0,0,0,0,0.0,0.0,0.0,0.0,0.0,44,0.1
Renato,Palma Veiga,Renato Veiga,6,176,0,0,1,7,0.0,5.9,30.4,9.2,19.0,44,0.1
Robert,Sánchez,Sánchez,6,2880,0,0,10,126,0.0,77.5,755.6,20.0,0.0,45,6.2
Tosin,Adarabioyo,Tosin,6,1403,1,1,7,71,0.0,49.6,352.2,48.2,92.0,42,0.3
Wesley,Fofana,W.Fofana,6,1172,0,0,2,26,0.0,31.9,200.2,85.0,33.0,43,0.2
Jadon,Sancho,Sancho,6,1754,3,5,7,86,0.0,127.5,340.0,523.2,414.0,62,0.9
Pedro,Lomba Neto,Neto,6,2262,4,6,8,104,0.0,180.0,492.0,762.7,545.0,61,1.4
Caleb,Wiley,Wiley,6,0,0,0,0,0,0.0,0.0,0.0,0.0,0.0,40,0.0
Filip,Jørgensen,Jørgensen,6,540,0,0,1,18,0.0,15.9,157.6,0.0,0.0,42,0.4
João,Félix Sequeira,João Félix,6,362,1,2,1,24,0.0,32.3,88.0,95.4,141.0,59,0.4
Samuel,Rak-Sakyi,Rak-Sakyi,6,0,0,0,0,0,0.0,0.0,0.0,0.0,0.0,45,0.0
Tyrique,George,George,6,177,1,1,1,17,0.0,17.1,67.4,72.7,32.0,45,0.0
Josh,Acheampong,Acheampong,6,168,0,0,0,4,0.0,2.9,13.6,2.5,13.0,40,0.1
Enzo,Maresca,Maresca,6,0,0,0,0,94,0.0,0.0,0.0,0.0,0.0,15,1.7
Mathis,Amougou,Amougou,6,7,0,0,0,1,0.0,0.2,1.0,0.9,0.0,45,0.0
Aaron,Anselmino,Anselmino,6,0,0,0,0,0,0.0,0.0,0.0,0.0,0.0,40,0.0
Shumaira,Mheuka,Mheuka,6,1,0,0,0,1,0.0,2.0,3.0,0.0,17.0,45,0.0
Ishé,Samuels-Smith,Samuels-Smith,6,0,0,0,0,0,0.0,0.0,0.0,0.0,0.0,40,0.0
Genesis,Antwi,Genesis Antwi,6,0,0,0,0,0,0.0,0.0,0.0,0.0,0.0,40,0.0
Eddie,Nketiah,Nketiah,7,1018,3,2,2,53,0.0,82.5,192.2,163.7,475.0,59,0.7
Ben,Chilwell,Chilwell,7,254,1,0,0,13,0.0,20.7,99.6,69.2,37.0,46,0.5
Naouirou,Ahamada,Ahamada,7,0,0,0,0,0,0.0,0.0,0.0,0.0,0.0,45,0.1
Cheick,Doucouré,C.Doucouré,7,443,0,1,1,19,0.0,10.8,58.6,25.7,23.0,48,0.0
Chris,Richards,C.Richards,7,1921,1,1,7,68,0.0,69.6,470.8,45.0,181.0,44,0.2
Chadi,Riad Dnanou,Chadi Riad,7,90,0,0,0,1,0.0,2.0,18.2,1.3,0.0,43,0.0
Nathaniel,Clyne,Clyne,7,477,0,0,1,18,0.0,12.4,66.6,51.8,8.0,43,0.1
Malcolm,Ebiowei,Ebiowei,7,0,0,0,0,0,0.0,0.0,0.0,0.0,0.0,45,0.0
Eberechi,Eze,Eze,7,2588,8,8,10,148,0.0,222.4,685.0,849.2,691.0,70,14.6
Marc,Guéhi,Guéhi,7,3059,3,2,11,116,0.0,131.0,827.0,237.6,247.0,47,5.7
Dean,Henderson,Henderson,7,3420,0,0,11,135,0.0,88.6,853.6,30.0,4.0,46,11.7
Rob,Holding,Holding,7,0,0,0,0,0,0.0,0.0,0.0,0.0,0.0,42,0.1
Will,Hughes,Hughes,7,2100,0,4,10,67,0.0,87.5,335.2,462.6,90.0,49,0.0
Daichi,Kamada,Kamada,7,1545,0,0,3,45,0.0,68.2,219.2,314.1,145.0,51,0.1
Jefferson,Lerma Solís,Lerma,7,2270,0,1,6,58,0.0,78.7,401.4,190.2,197.0,48,0.1
Jean-Philippe,Mateta,Mateta,7,2642,14,2,9,150,0.0,187.3,671.6,405.4,800.0,75,8.3
Matheus,França de Oliveira,M.França,7,52,1,0,0,9,0.0,11.5,48.4,1.2,66.0,44,0.2
Remi,Matthews,Matthews,7,0,0,0,0,0,0.0,0.0,0.0,0.0,0.0,39,0.4
Tyrick,Mitchell,Mitchell,7,3090,0,6,12,123,0.0,136.2,630.8,559.1,170.0,48,2.1
Daniel,Muñoz,Muñoz,7,3229,4,6,11,142,0.0,197.6,816.6,634.2,524.0,52,19.3
David,Ozoh,Ozoh,7,0,0,0,0,0,0.0,0.0,0.0,0.0,0.0,45,0.0
Jesurun,Rak-Sakyi,Rak-Sakyi,7,0,0,0,0,0,0.0,0.0,0.0,0.0,0.0,45,0.0
Jeffrey,Schlupp,Schlupp,7,95,0,0,0,12,0.0,11.0,22.8,42.9,46.0,46,0.0
Joel,Ward,Ward,7,71,0,0,0,1,0.0,1.6,5.8,10.3,0.0,43,0.1
Adam,Wharton,Wharton,7,1314,0,2,4,42,0.0,71.2,261.2,381.4,69.0,47,0.1
Matt,Turner,Turner,7,0,0,0,0,0,0.0,0.0,0.0,0.0,0.0,39,7.2
Ismaïla,Sarr,I.Sarr,7,2708,8,7,10,149,0.0,215.9,675.0,618.0,866.0,55,5.3
Franco,Umeh-Chibueze,Umeh-Chibueze,7,0,0,0,0,0,0.0,0.0,0.0,0.0,0.0,44,0.0
Justin,Devenny,Devenny,7,494,1,1,0,34,0.0,33.2,138.8,101.8,90.0,45,0.1
Asher,Agbinone,Agbinone,7,4,0,0,0,2,0.0,1.5,4.0,10.6,1.0,45,0.0
Kaden,Rodney,Rodney,7,0,0,0,0,0,0.0,0.0,0.0,0.0,0.0,45,0.0
Maxence,Lacroix,Lacroix,7,3116,1,2,11,114,0.0,111.4,723.8,113.7,277.0,45,0.9
Caleb,Kporha,Kporha,7,11,0,0,0,2,0.0,1.3,8.0,4.6,0.0,40,0.0
Zach,Marsh,Marsh,7,0,0,0,0,0,0.0,0.0,0.0,0.0,0.0,45,0.2
Romain,Esse,Esse,7,138,1,2,0,22,0.0,16.4,74.8,38.4,51.0,47,0.1
Oliver,Glasner,Glasner,7,0,0,0,0,128,0.0,0.0,0.0,0.0,0.0,8,1.9
Armando,Broja,Broja,8,327,0,0,2,12,0.0,10.9,20.2,53.8,43.0,53,0.1
Abdoulaye,Doucouré,A.Doucoure,8,2563,3,2,11,94,0.0,107.6,352.6,379.4,348.0,51,0.5
Norberto Bercique,Gomes Betuncal,Beto,8,1521,8,0,4,87,0.0,119.5,373.2,163.9,666.0,48,3.9
Jarrad,Branthwaite,Branthwaite,8,2509,0,1,9,88,0.0,81.3,624.6,57.7,130.0,49,1.9
Dominic,Calvert-Lewin,Calvert-Lewin,8,1602,3,2,8,63,0.0,89.2,200.2,126.1,573.0,54,1.0
Séamus,Coleman,Coleman,8,214,0,0,0,5,0.0,7.1,42.4,3.8,23.0,43,0.0
Idrissa,Gueye,Gana,8,3063,0,3,12,89,0.0,96.6,522.0,327.2,117.0,48,0.2
James,Garner,Garner,8,1590,0,1,5,42,0.0,60.4,264.8,248.2,93.0,49,0.0
Jack,Harrison,Harrison,8,2068,1,3,7,81,0.0,108.6,277.0,527.7,288.0,52,0.2
Mason,Holgate,Holgate,8,5,0,0,0,1,0.0,0.0,0.0,0.0,0.0,40,0.1
Tim,Iroegbunam,Iroegbunam,8,562,0,1,0,22,0.0,19.6,122.2,40.9,32.0,43,0.6
João,Neves Virgínia,J.Virginia,8,0,0,0,0,0,0.0,0.0,0.0,0.0,0.0,38,1.0
Michael,Keane,Keane,8,1046,3,0,3,48,0.0,45.4,306.6,23.2,123.0,38,4.3
Neal,Maupay,Maupay,8,0,0,0,0,0,0.0,0.0,0.0,0.0,0.0,49,0.2
Dwight,McNeil,McNeil,8,1366,4,8,5,93,0.0,123.3,392.0,631.8,207.0,51,1.4
Vitalii,Mykolenko,Mykolenko,8,3082,1,3,11,121,0.0,115.2,621.4,428.5,100.0,44,6.7
Iliman,Ndiaye,Ndiaye,8,2426,9,0,15,114,0.0,142.0,598.0,326.4,493.0,52,1.1
Nathan,Patterson,Patterson,8,342,0,1,0,14,0.0,15.5,71.6,70.3,12.0,44,0.0
Jordan,Pickford,Pickford,8,3420,0,1,12,158,0.0,107.0,1052.0,20.3,0.0,52,15.9
James,Tarkowski,Tarkowski,8,2922,1,1,10,105,0.0,126.9,859.0,188.8,217.0,47,1.6
Youssef,Ramalho Chermiti,Y. Chermiti,8,42,0,0,0,3,0.0,3.0,2.4,0.6,27.0,49,0.0
Ashley,Young,Young,8,1864,1,4,9,98,0.0,86.8,431.2,388.2,46.0,42,1.4
Carlos,Alcaraz Durán,Alcaraz,8,766,2,3,1,44,0.0,65.4,219.4,205.7,227.0,47,0.1
Jesper,Lindstrøm,Lindstrøm,8,1229,0,1,6,44,0.0,76.0,214.2,309.6,237.0,50,0.1
Jake,O'Brien,O'Brien,8,1568,2,0,5,65,0.0,56.0,341.4,108.9,109.0,45,0.9
Harrison,Armstrong,Armstrong,8,47,0,0,0,2,0.0,2.2,1.8,10.9,9.0,44,0.1
Jenson,Metcalfe,Metcalfe,8,0,0,0,0,0,0.0,0.0,0.0,0.0,0.0,45,0.0
Asmir,Begovic,Begovic,8,0,0,0,0,0,0.0,0.0,0.0,0.0,0.0,40,0.2
Roman,Dixon,Dixon,8,90,0,0,0,0,0.0,1.6,15.4,0.3,0.0,39,0.1
Orel,Mangala,Mangala,8,1257,1,0,5,39,0.0,41.4,172.8,133.5,106.0,50,0.0
Callum,Bates,Bates,8,0,0,0,0,0,0.0,0.0,0.0,0.0,0.0,45,0.0
Martin,Sherif,Sherif,8,0,0,0,0,0,0.0,0.0,0.0,0.0,0.0,45,0.1
David,Moyes,Moyes,8,0,0,0,0,137,0.0,0.0,0.0,0.0,0.0,5,5.3
Isaac,Heath,Heath,8,0,0,0,0,0,0.0,0.0,0.0,0.0,0.0,45,0.0
Coby,Ebere,Coby Ebere,8,0,0,0,0,0,0.0,0.0,0.0,0.0,0.0,45,0.0
Reece,Welch,Welch,8,0,0,0,0,0,0.0,0.0,0.0,0.0,0.0,40,0.0
Reiss,Nelson,Nelson,9,483,1,1,1,27,0.0,55.1,131.6,223.9,195.0,50,0.0
Emile,Smith Rowe,Smith Rowe,9,2036,6,3,7,114,0.0,124.4,433.8,422.3,386.0,50,7.3
Joachim,Andersen,Andersen,9,2673,0,0,4,51,0.0,95.0,687.6,99.0,162.0,42,3.4
Adama,Traoré,Adama,9,1756,2,8,3,95,0.0,144.6,385.4,632.1,426.0,45,1.4
Andreas,Hoelgebaum Pereira,Andreas,9,2004,2,6,5,81,0.0,149.0,326.6,868.3,300.0,49,0.8
Calvin,Bassey,Bassey,9,3074,1,0,5,75,0.0,84.1,587.2,96.7,157.0,45,0.6
Steven,Benda,Benda,9,0,0,0,0,0,0.0,0.0,0.0,0.0,0.0,39,0.3
Tom,Cairney,Cairney,9,610,2,0,1,33,0.0,47.2,163.8,213.8,94.0,48,0.0
Timothy,Castagne,Castagne,9,1642,0,1,3,46,0.0,64.9,360.4,163.6,123.0,42,0.8
Issa,Diop,Diop,9,1334,0,0,1,31,0.0,38.3,257.6,44.7,83.0,43,0.2
Luke,Harris,Harris,9,0,0,0,0,0,0.0,0.0,0.0,0.0,0.0,45,0.0
Alex,Iwobi,Iwobi,9,2981,9,6,6,156,0.0,243.0,806.8,922.4,699.0,54,4.9
Bernd,Leno,Leno,9,3420,0,2,5,115,0.0,98.6,967.0,20.0,0.0,50,2.9
Saša,Lukić,Lukić,9,2348,0,2,4,56,0.0,91.0,335.6,455.1,119.0,48,0.0
Kevin,Mbabu,Mbabu,9,0,0,0,0,0,0.0,0.0,0.0,0.0,0.0,40,0.1
Rodrigo,Muniz Carvalho,Muniz,9,943,8,1,2,86,0.0,95.4,352.4,95.3,508.0,55,1.4
Raúl,Jiménez,Raúl,9,2486,12,3,7,147,0.0,199.7,612.8,372.2,1018.0,53,5.0
Tim,Ream,Ream,9,0,0,0,0,0,0.0,0.0,0.0,0.0,0.0,45,0.0
Harrison,Reed,Reed,9,100,0,0,0,10,0.0,7.1,18.6,20.6,33.0,47,0.0
Antonee,Robinson,Robinson,9,3166,0,10,5,106,0.0,185.5,922.2,723.4,206.0,47,15.2
Jay,Stansfield,Stansfield,9,1,0,0,0,1,0.0,0.0,0.0,0.0,0.0,50,0.0
Kenny,Tete,Tete,9,1773,0,2,3,49,0.0,73.1,381.2,192.2,158.0,44,0.2
Carlos Vinícius,Alves Morais,Vinicius,9,13,0,0,0,3,0.0,2.3,4.0,0.0,19.0,50,0.3
Harry,Wilson,Wilson,9,1148,6,2,2,78,0.0,107.8,334.6,310.2,440.0,52,0.2
Ryan,Sessegnon,Sessegnon,9,574,4,2,1,57,0.0,67.1,284.0,158.8,227.0,42,2.6
Jorge,Cuenca Barreno,J.Cuenca,9,349,0,0,0,9,0.0,8.6,81.2,2.3,4.0,44,0.0
Josh,King,King,9,126,0,0,1,10,0.0,11.2,26.2,45.7,38.0,44,0.1
Martial,Godo,Godo,9,21,0,0,0,2,0.0,3.0,3.4,12.0,14.0,44,0.0
Sander,Berge,Berge,9,2221,0,0,4,53,0.0,65.1,314.4,285.7,51.0,50,0.0
Samuel,Amissah,Amissah,9,0,0,0,0,0,0.0,0.0,0.0,0.0,0.0,40,0.0
Marco Alexandre,Saraiva da Silva,Silva,9,0,0,0,0,94,0.0,0.0,0.0,0.0,0.0,11,0.3
Willian,Borges da Silva,Willian,9,251,0,0,1,13,0.0,19.5,36.2,133.3,25.0,50,0.0
Julio,Enciso,Enciso,10,1155,2,3,2,59,0.0,87.7,250.8,268.9,362.0,54,0.2
Ali,Al-Hamadi,Al-Hamadi,10,125,0,0,0,8,0.0,6.0,5.6,25.7,32.0,47,0.2
Elkan,Baggott,Baggott,10,0,0,0,0,0,0.0,0.0,0.0,0.0,0.0,40,0.0
Nathan,Broadhead,Broadhead,10,690,2,0,2,37,0.0,41.4,148.2,111.0,155.0,49,0.0
Cameron,Burgess,Burgess,10,1540,0,2,0,26,0.0,61.4,422.0,87.2,103.0,38,1.8
Wes,Burns,Burns,10,922,0,1,1,30,0.0,31.8,111.6,148.5,66.0,47,0.0
Conor,Chaplin,Chaplin,10,845,1,2,1,41,0.0,36.1,106.6,152.1,108.0,51,0.1
Harry,Clarke,H.Clarke,10,377,0,0,0,1,0.0,10.5,48.2,24.4,35.0,40,0.0
Leif,Davis,Davis,10,2742,1,2,2,52,0.0,149.6,486.8,865.4,145.0,42,0.9
Liam,Delap,Delap,10,2587,12,2,3,132,0.0,157.5,513.0,290.5,783.0,56,3.3
George,Edmundson,Edmundson,10,1,0,0,0,1,0.0,0.0,0.0,0.0,0.0,40,0.1
Jacob,Greaves,Greaves,10,2205,1,0,2,37,0.0,82.7,592.8,77.2,157.0,38,2.3
Marcus,Myers-Harness,Harness,10,43,0,0,0,2,0.0,1.7,9.4,1.9,6.0,49,0.0
George,Hirst,Hirst,10,645,3,1,0,46,0.0,41.2,146.4,64.5,207.0,54,0.1
Cameron,Humphreys,Humphreys,10,0,0,0,0,0,0.0,0.0,0.0,0.0,0.0,45,0.0
Omari,Giraud-Hutchinson,Hutchinson,10,2585,3,3,3,88,0.0,131.5,383.2,487.5,443.0,52,0.3
Ben,Johnson,Johnson,10,1346,1,2,0,30,0.0,54.6,276.6,177.2,92.0,38,1.9
Freddie,Ladapo,Ladapo,10,0,0,0,0,0,0.0,0.0,0.0,0.0,0.0,45,0.4
Massimo,Luongo,Luongo,10,195,0,0,0,13,0.0,4.6,34.4,6.6,4.0,43,0.2
Sam,Morsy,Morsy,10,2749,1,1,2,67,0.0,83.7,417.0,374.0,47.0,48,0.1
Corrie,Ndaba,Ndaba,10,0,0,0,0,0,0.0,0.0,0.0,0.0,0.0,40,0.0
Cieran,Slicker,Slicker,10,0,0,0,0,0,0.0,0.0,0.0,0.0,0.0,39,0.6
Jack,Taylor,Taylor,10,837,1,0,0,38,0.0,32.4,142.0,100.5,84.0,48,0.0
Axel,Tuanzebe,Tuanzebe,10,1710,0,1,1,27,0.0,40.1,284.4,93.4,25.0,39,1.2
Christian,Walton,Walton,10,630,0,0,1,16,0.0,17.3,163.2,10.0,0.0,43,0.2
Luke,Woolfenden,Woolfenden,10,1187,0,0,1,18,0.0,27.5,258.4,6.7,8.0,39,1.2
Kalvin,Phillips,Phillips,10,1231,0,0,1,27,0.0,33.8,181.8,116.2,41.0,48,0.1
Arijanet,Muric,Muric,10,1620,0,0,1,49,0.0,53.1,531.2,0.0,0.0,44,0.4
Jaden,Philogene,Jaden,10,796,2,0,2,37,0.0,43.9,159.0,98.2,190.0,53,0.1
Conor,Townsend,Townsend,10,334,0,1,0,11,0.0,18.0,110.2,56.0,13.0,39,0.5
Sam,Szmodics,Szmodics,10,988,4,0,2,54,0.0,56.7,216.0,93.0,263.0,57,0.1
Jens,Cajuste,Cajuste,10,1960,1,1,1,63,0.0,54.9,284.0,209.2,59.0,45,0.1
Dara,O'Shea,O'Shea,10,3122,0,2,2,49,0.0,111.6,862.8,59.9,195.0,38,1.2
Jack,Clarke,J.Clarke,10,1161,0,4,1,53,0.0,72.2,230.8,341.7,151.0,54,0.0
Chiedozie,Ogbene,Ogbene,10,237,0,0,0,7,0.0,6.4,22.8,30.2,12.0,48,0.0
Ben,Godfrey,Godfrey,10,158,0,0,0,-1,0.0,1.9,15.0,2.3,2.0,40,0.0
Kieran,McKenna,McKenna,10,0,0,0,0,51,0.0,0.0,0.0,0.0,0.0,5,0.4
Alex,Palmer,Palmer,10,1170,0,0,0,22,0.0,36.6,356.8,10.0,0.0,45,0.1
Somto,Boniface,Boniface,10,0,0,0,0,0,0.0,0.0,0.0,0.0,0.0,40,0.0
Tom,Taylor,Tom Taylor,10,0,0,0,0,0,0.0,0.0,0.0,0.0,0.0,45,0.0
Facundo,Buonanotte,Buonanotte,11,1508,5,2,2,75,0.0,114.7,415.8,415.8,318.0,45,0.4
Jordan,Ayew,J.Ayew,11,1649,5,0,4,75,0.0,93.4,304.4,316.9,311.0,51,0.2
Odsonne,Edouard,Edouard,11,141,0,0,0,7,0.0,8.0,5.0,25.0,50.0,51,0.2
Boubakary,Soumaré,B.Soumaré,11,2165,0,0,1,48,0.0,60.4,294.2,261.8,47.0,44,0.3
Tom,Cannon,Cannon,11,0,0,0,0,0,0.0,0.0,0.0,0.0,0.0,45,0.3
Hamza,Choudhury,Choudhury,11,129,0,0,0,4,0.0,7.0,33.8,30.4,6.0,44,1.0
Conor,Coady,Coady,11,1712,1,0,2,39,0.0,47.5,378.8,33.0,62.0,40,0.5
Patson,Daka,Daka,11,717,1,0,1,34,0.0,27.0,86.0,41.7,148.0,48,0.5
Bobby,De Cordova-Reid,De Cordova-Reid,11,734,1,4,1,48,0.0,26.0,102.2,84.4,72.0,52,0.1
Wout,Faes,Faes,11,2812,1,0,3,55,0.0,86.9,678.0,68.5,121.0,38,5.2
Michael,Golding,Golding,11,1,0,0,0,1,0.0,0.0,0.0,0.0,0.0,44,0.2
Mads,Hermansen,Hermansen,11,2385,0,0,1,63,0.0,82.8,827.0,0.2,0.0,44,0.4
Daniel,Iversen,Iversen,11,0,0,0,0,0,0.0,0.0,0.0,0.0,0.0,39,0.7
James,Justin,Justin,11,2912,2,2,3,70,0.0,107.8,615.2,258.5,202.0,41,1.2
Victor,Kristiansen,Kristiansen,11,2481,0,1,1,34,0.0,91.6,519.4,358.6,40.0,44,0.1
Wanya,Marçal-Madivádua,Marcal,11,0,0,0,0,0,0.0,0.0,0.0,0.0,0.0,45,0.0
Stephy,Mavididi,Mavididi,11,1606,4,1,1,72,0.0,101.5,339.2,375.3,302.0,50,0.3
Kasey,McAteer,McAteer,11,846,1,1,3,35,0.0,46.3,147.2,132.5,184.0,47,0.0
Wilfred,Ndidi,Ndidi,11,2325,0,5,3,64,0.0,112.8,546.4,302.2,280.0,49,0.2
Caleb,Okoli,Okoli,11,1122,1,0,1,27,0.0,40.7,318.6,15.2,73.0,40,0.4
Ricardo,Barbosa Pereira,Ricardo,11,382,0,0,0,10,0.0,10.5,67.8,18.7,19.0,41,0.1
Harry,Souttar,Souttar,11,0,0,0,0,0,0.0,0.0,0.0,0.0,0.0,40,0.0
Jakub,Stolarczyk,Stolarczyk,11,900,0,0,2,25,0.0,22.8,228.4,0.0,0.0,40,0.5
Luke,Thomas,Thomas,11,1109,0,0,3,27,0.0,40.4,226.4,144.5,34.0,39,1.4
Jamie,Vardy,Vardy,11,2825,9,5,4,128,0.0,150.0,490.8,270.8,742.0,54,5.2
Jannik,Vestergaard,Vestergaard,11,1390,0,0,0,11,0.0,42.4,321.0,46.6,53.0,39,1.5
Danny,Ward,Ward,11,135,0,0,0,2,0.0,3.6,35.4,0.0,0.0,39,2.0
Harry,Winks,Winks,11,1536,0,2,0,40,0.0,63.2,272.8,319.6,37.0,43,4.7
Oliver,Skipp,Skipp,11,1118,0,0,3,27,0.0,29.9,119.4,146.0,35.0,47,0.0
Abdul,Fatawu,A.Fatawu,11,576,0,2,0,26,0.0,40.1,147.6,104.3,148.0,51,0.2
Will,Alves,Alves,11,1,0,0,0,1,0.0,0.0,0.0,0.3,0.0,44,0.1
Ben,Nelson,Nelson,11,0,0,0,0,0,0.0,0.0,0.0,0.0,0.0,40,0.0
Bilal,El Khannouss,El Khannouss,11,2179,2,4,3,83,0.0,120.5,381.6,634.1,191.0,48,0.2
Henry,Cartwright,Cartwright,11,0,0,0,0,0,0.0,0.0,0.0,0.0,0.0,45,0.0
Thomas,Wilson-Brown,Wilson-Brown,11,0,0,0,0,0,0.0,0.0,0.0,0.0,0.0,40,0.0
Woyo,Coulibaly,Coulibaly,11,107,0,0,0,1,0.0,5.2,24.4,3.4,24.0,40,0.0
Ruud,van Nistelrooij,Van Nistelrooy,11,0,0,0,0,48,0.0,0.0,0.0,0.0,0.0,5,0.5
Jeremy,Monga,Monga,11,105,0,0,0,7,0.0,5.1,20.6,12.6,19.0,45,0.0
Olabade,Aluko,Olabade Aluko,11,1,0,0,0,1,0.0,0.2,2.0,0.2,0.0,40,0.0
Jake,Evans,Jake Evans,11,21,0,0,0,4,0.0,0.3,3.2,0.2,0.0,45,0.0
Sammy,Braybrooke,Braybrooke,11,0,0,0,0,0,0.0,0.0,0.0,0.0,0.0,45,0.0
Alisson,Ramses Becker,A.Becker,12,2508,0,0,10,112,0.0,64.0,628.8,13.0,0.0,55,8.4
Trent,Alexander-Arnold,Alexander-Arnold,12,2362,3,7,12,148,0.0,182.4,723.8,833.7,268.0,72,16.7
Stefan,Bajčetić Maquieira,Bajcetic,12,0,0,0,0,0,0.0,0.0,0.0,0.0,0.0,45,0.0
Conor,Bradley,Bradley,12,744,0,2,3,41,0.0,42.8,156.2,110.5,162.0,47,1.2
Bobby,Clark,Clark,12,0,0,0,0,0,0.0,0.0,0.0,0.0,0.0,45,0.0
Darwin,Núñez Ribeiro,Darwin,12,1113,5,3,2,66,0.0,81.2,263.8,151.6,404.0,70,1.9
Diogo,Teixeira da Silva,Diogo J.,12,1182,6,4,7,87,0.0,99.0,300.6,169.5,537.0,72,2.6
Ben,Doak,Doak,12,0,0,0,0,0,0.0,0.0,0.0,0.0,0.0,45,0.0
Harvey,Elliott,Elliott,12,359,1,2,0,33,0.0,40.4,118.6,145.8,143.0,52,0.3
Endo,Wataru,Endo,12,259,0,0,0,21,0.0,10.0,57.6,38.2,6.0,46,0.1
Cody,Gakpo,Gakpo,12,1921,10,5,5,127,0.0,180.3,597.0,517.7,686.0,72,5.4
Joe,Gomez,Gomez,12,517,0,0,1,14,0.0,22.8,130.4,38.5,58.0,47,0.4
Ryan,Gravenberch,Gravenberch,12,3160,0,4,14,92,0.0,114.7,550.6,473.9,121.0,50,0.7
Curtis,Jones,Jones,12,1702,3,5,6,87,0.0,113.6,397.2,343.7,400.0,53,0.2
Caoimhin,Kelleher,Kelleher,12,900,0,0,4,45,0.0,22.4,224.2,0.0,0.0,39,1.2
Ibrahima,Konaté,Konaté,12,2561,1,2,11,106,0.0,87.6,578.0,161.4,133.0,53,7.0
Luis,Díaz,Luis Díaz,12,2393,13,7,15,183,0.0,246.4,770.8,748.0,946.0,75,16.8
Mohamed,Salah,M.Salah,12,3374,29,18,15,344,0.0,476.0,1577.0,1199.2,1985.0,136,66.3
Alexis,Mac Allister,Mac Allister,12,2597,5,6,14,122,0.0,174.1,653.4,731.3,357.0,62,1.7
James,McConnell,McConnell,12,0,0,0,0,0,0.0,0.0,0.0,0.0,0.0,43,0.1
Tyler,Morton,Morton,12,0,0,0,0,0,0.0,0.0,0.0,0.0,0.0,44,0.1
Nathaniel,Phillips,N.Phillips,12,0,0,0,0,0,0.0,0.0,0.0,0.0,0.0,40,0.1
Jarell,Quansah,Quansah,12,488,0,0,0,9,0.0,16.5,119.4,29.1,15.0,39,1.0
Rhys,Williams,R.Williams,12,0,0,0,0,0,0.0,0.0,0.0,0.0,0.0,40,0.0
Andrew,Robertson,Robertson,12,2479,0,1,10,91,0.0,124.4,395.4,668.7,182.0,58,4.0
Dominik,Szoboszlai,Szoboszlai,12,2485,6,10,12,143,0.0,198.1,589.8,794.8,601.0,61,2.7
Konstantinos,Tsimikas,Tsimikas,12,829,0,1,4,43,0.0,52.5,202.0,260.7,60.0,46,0.2
Virgil,van Dijk,Virgil,12,3330,3,1,14,143,0.0,143.7,932.6,206.6,299.0,67,25.6
Federico,Chiesa,Chiesa,12,103,0,0,0,7,0.0,6.7,9.0,23.5,36.0,68,0.2
Vítezslav,Jaros,Jaros,12,11,0,0,0,1,0.0,0.9,8.8,0.0,0.0,40,0.1
Harvey,Davies,Davies,12,0,0,0,0,0,0.0,0.0,0.0,0.0,0.0,40,0.0
Treymaurice,Nyoni,Nyoni,12,0,0,0,0,0,0.0,0.0,0.0,0.0,0.0,45,0.0
Amara,Nallo,Nallo,12,0,0,0,0,0,0.0,0.0,0.0,0.0,0.0,40,0.0
Jayden,Danns,Danns,12,10,0,0,0,1,0.0,0.0,0.0,0.3,0.0,45,0.0
Arne,Slot,Slot,12,0,0,0,0,118,0.0,0.0,0.0,0.0,0.0,15,6.3
Manuel,Akanji,Akanji,13,2012,0,0,6,61,0.0,68.9,339.8,249.8,100.0,53,2.3
Nathan,Aké,Aké,13,677,0,0,3,25,0.0,15.9,104.6,33.7,20.0,53,0.8
Bernardo,Veiga de Carvalho e Silva,Bernardo,13,2667,4,4,10,110,0.0,193.6,603.0,800.4,532.0,61,2.8
Oscar,Bobb,Bobb,13,14,0,0,0,3,0.0,1.6,4.4,12.6,0.0,47,0.1
Scott,Carson,Carson,13,0,0,0,0,0,0.0,0.0,0.0,0.0,0.0,39,0.2
Kevin,De Bruyne,De Bruyne,13,1694,4,9,10,114,0.0,179.5,466.6,920.0,411.0,95,11.6
Jérémy,Doku,Doku,13,1506,3,6,8,88,0.0,150.0,453.8,515.9,528.0,62,1.7
Ederson,Santana de Moraes,Ederson M.,13,2320,0,4,10,111,0.0,60.9,567.0,43.0,0.0,53,5.7
Phil,Foden,Foden,13,1771,7,3,6,105,0.0,164.2,448.0,749.0,449.0,91,4.6
Jack,Grealish,Grealish,13,710,1,1,2,38,0.0,71.3,157.2,321.4,234.0,64,0.2
Joško,Gvardiol,Gvardiol,13,3278,5,0,13,153,0.0,185.0,847.0,501.7,497.0,65,38.6
Erling,Haaland,Haaland,13,2736,22,3,10,181,0.0,281.8,946.0,359.4,1511.0,149,24.0
Julián,Álvarez,J.Alvarez,13,0,0,0,0,0,0.0,0.0,0.0,0.0,0.0,70,0.1
João,Cavaco Cancelo,João Cancelo,13,0,0,0,0,0,0.0,0.0,0.0,0.0,0.0,53,0.2
Mateo,Kovačić,Kovačić,13,2194,6,3,10,109,0.0,139.1,606.4,579.3,204.0,54,1.2
Rico,Lewis,Lewis,13,1888,1,2,5,66,0.0,65.0,293.8,218.6,139.0,43,3.5
Matheus Luiz,Nunes,Matheus N.,13,1670,1,7,9,81,0.0,99.9,370.4,422.4,206.0,49,0.2
James,McAtee,McAtee,13,340,3,0,0,31,0.0,30.7,113.0,64.6,136.0,46,0.1
Stefan,Ortega Moreno,Ortega Moreno,13,1099,0,0,3,35,0.0,29.4,292.6,0.0,0.0,52,0.7
Rodrigo 'Rodri',Hernandez,Rodrigo,13,72,0,0,0,3,0.0,3.0,12.2,17.5,0.0,62,0.8
Rúben,Gato Alves Dias,Rúben,13,2269,0,0,11,90,0.0,80.2,478.2,173.8,150.0,55,5.5
John,Stones,Stones,13,544,2,0,1,29,0.0,27.4,155.6,49.8,70.0,53,1.0
Kyle,Walker,Walker,13,966,0,0,0,13,0.0,33.5,157.4,147.7,29.0,51,2.5
Sávio 'Savinho',Moreira de Oliveira,Savinho,13,1760,1,11,8,106,0.0,177.3,415.2,682.9,671.0,60,1.9
Nico,O'Reilly,O’Reilly,13,525,2,0,3,31,0.0,32.2,133.4,76.2,112.0,49,0.2
Ilkay,Gündogan,Gündogan,13,2218,1,7,10,97,0.0,144.2,387.0,781.3,273.0,63,0.5
Issa,Kaboré,Kaboré,13,0,0,0,0,0,0.0,0.0,0.0,0.0,0.0,45,0.0
Jacob,Wright,Wright,13,0,0,0,0,0,0.0,0.0,0.0,0.0,0.0,45,0.0
Jahmai,Simpson-Pusey,Simpson-Pusey,13,95,0,0,0,1,0.0,2.4,19.6,2.2,2.0,40,0.0
Josh,Wilson-Esbrand,Wilson-Esbrand,13,0,0,0,0,0,0.0,0.0,0.0,0.0,0.0,40,0.0
Divin,Mubama,Mubama,13,27,0,0,0,1,0.0,0.5,0.2,0.1,5.0,45,0.1
Max,Alleyne,Alleyne,13,0,0,0,0,0,0.0,0.0,0.0,0.0,0.0,40,0.0
Spike,Brits,Brits,13,0,0,0,0,0,0.0,0.0,0.0,0.0,0.0,40,0.0
Abdukodir,Khusanov,Khusanov,13,503,0,0,2,14,0.0,14.1,102.0,33.9,4.0,50,0.3
Vitor,de Oliveira Nunes dos Reis,Vitor Reis,13,1,0,0,0,1,0.0,0.3,3.2,0.0,0.0,45,0.0
Pep,Guardiola,Guardiola,13,0,0,0,0,113,0.0,0.0,0.0,0.0,0.0,15,29.2
Omar,Marmoush,Marmoush,13,1174,7,1,8,73,0.0,97.3,318.0,246.7,410.0,74,22.6
Nico,González,N.Gonzalez,13,760,1,1,6,31,0.0,27.5,137.2,78.7,62.0,60,0.0
Claudio,Echeverri,Echeverri,13,5,0,0,0,1,0.0,0.3,2.2,0.4,0.0,58,0.0
Amad,Diallo,Amad,14,1898,8,8,7,129,0.0,193.8,634.0,687.2,615.0,53,4.1
Antony Matheus,dos Santos,Antony,14,135,0,0,0,8,0.0,15.8,35.0,50.7,74.0,57,0.2
Bruno,Borges Fernandes,B.Fernandes,14,3017,8,12,10,174,0.0,300.8,1017.8,1407.7,587.0,84,13.7
Altay,Bayindir,Bayindir,14,360,0,0,1,8,0.0,7.9,80.0,0.0,0.0,43,0.1
Carlos Henrique,Casimiro,Casemiro,14,1489,1,0,6,48,0.0,104.8,433.2,348.2,265.0,46,0.4
Diogo,Dalot Teixeira,Dalot,14,2812,0,4,8,95,0.0,118.6,493.2,434.2,264.0,50,4.7
Christian,Eriksen,Eriksen,14,1052,1,2,4,45,0.0,78.9,235.8,474.3,79.0,52,0.2
Jonny,Evans,Evans,14,312,0,0,1,15,0.0,9.5,66.6,5.3,23.0,44,0.1
Alejandro,Garnacho,Garnacho,14,2188,6,4,5,106,0.0,188.3,454.0,532.2,904.0,59,4.7
Hannibal,Mejbri,Hannibal,14,0,0,0,0,0,0.0,0.0,0.0,0.0,0.0,45,0.0
Tom,Heaton,Heaton,14,0,0,0,0,0,0.0,0.0,0.0,0.0,0.0,39,0.2
Rasmus,Højlund,Højlund,14,1998,4,1,6,78,0.0,86.3,187.0,254.7,432.0,69,1.0
Victor,Lindelöf,Lindelof,14,695,0,0,2,27,0.0,18.3,125.4,48.5,8.0,43,0.1
Harry,Maguire,Maguire,14,1751,1,0,3,48,0.0,76.1,411.4,111.5,237.0,49,0.8
Kobbie,Mainoo,Mainoo,14,1646,0,0,5,42,0.0,58.8,196.6,250.8,137.0,52,1.7
Tyrell,Malacia,Malacia,14,99,0,0,0,2,0.0,1.7,5.2,13.9,0.0,44,0.0
Lisandro,Martínez,Martinez,14,1751,2,1,6,68,0.0,73.8,426.6,153.9,158.0,43,2.2
Scott,McTominay,McTominay,14,17,0,0,0,2,0.0,0.9,3.2,0.3,5.0,49,0.1
Mason,Mount,Mount,14,613,1,0,3,25,0.0,45.6,104.0,140.0,218.0,63,0.2
André,Onana,Onana,14,3060,0,0,9,120,0.0,74.7,733.0,13.0,0.0,49,5.0
Facundo,Pellistri Rebollo,Pellistri,14,0,0,0,0,0,0.0,0.0,0.0,0.0,0.0,50,0.0
Luke,Shaw,Shaw,14,346,0,0,0,5,0.0,12.7,48.2,68.2,11.0,49,0.2
Joshua,Zirkzee,Zirkzee,14,1385,3,2,3,64,0.0,78.0,222.6,212.0,351.0,65,1.5
Leny,Yoro,Yoro,14,1160,0,0,1,22,0.0,31.8,207.4,55.8,54.0,43,0.2
Matthijs,de Ligt,De Ligt,14,2119,2,0,4,68,0.0,91.5,518.4,88.7,303.0,48,2.9
Noussair,Mazraoui,Mazraoui,14,2836,0,1,7,88,0.0,107.5,619.4,332.7,123.0,42,7.3
Toby,Collyer,Collyer,14,174,0,0,0,6,0.0,7.9,40.4,29.9,8.0,45,0.0
Ethan,Wheatley,Wheatley,14,0,0,0,0,0,0.0,0.0,0.0,0.0,0.0,45,1.0
Manuel,Ugarte,Ugarte,14,1777,1,2,4,49,0.0,62.1,313.6,195.9,113.0,49,0.1
Ayden,Heaven,Heaven,14,169,0,0,1,10,0.0,6.4,43.4,12.9,8.0,40,0.1
Jack,Fletcher,Fletcher,14,0,0,0,0,0,0.0,0.0,0.0,0.0,0.0,45,0.0
Harry,Amass,Amass,14,345,0,0,0,4,0.0,8.2,40.0,26.5,15.0,40,0.1
Jayce,Fitzgerald,Fitzgerald,14,0,0,0,0,0,0.0,0.0,0.0,0.0,0.0,45,0.0
Godwill,Kukonki,Kukonki,14,0,0,0,0,0,0.0,0.0,0.0,0.0,0.0,40,0.0
Ruben Filipe,Marques Diogo Amorim,Amorim,14,0,0,0,0,86,0.0,0.0,0.0,0.0,0.0,8,1.4
Elyh,Harrison,Harrison,14,0,0,0,0,0,0.0,0.0,0.0,0.0,0.0,40,0.0
Patrick,Dorgu,Dorgu,14,840,0,0,2,18,0.0,39.4,106.4,175.3,112.0,45,0.2
Chido,Obi-Martin,Obi,14,160,0,0,0,7,0.0,5.4,8.2,5.1,46.0,45,0.2
Tyler,Fredricson,Fredricson,14,166,0,0,0,2,0.0,4.4,37.4,4.9,2.0,40,0.0
Jack,Moorhouse,Moorhouse,14,0,0,0,0,0,0.0,0.0,0.0,0.0,0.0,45,0.0
Sékou,Koné,Koné,14,0,0,0,0,0,0.0,0.0,0.0,0.0,0.0,45,0.0
Hubert,Graczyk,Graczyk,14,0,0,0,0,0,0.0,0.0,0.0,0.0,0.0,40,0.0
Dermot,Mee,Dermot Mee,14,0,0,0,0,0,0.0,0.0,0.0,0.0,0.0,40,0.0
Alex,Murphy,A.Murphy,15,0,0,0,0,0,0.0,0.0,0.0,0.0,0.0,40,0.5
Miguel,Almirón Rejala,Almirón,15,150,0,0,0,10,0.0,11.3,15.2,40.9,57.0,54,0.3
Harvey,Barnes,Barnes,15,1746,9,5,6,130,0.0,163.1,522.2,407.1,701.0,59,4.2
Sven,Botman,Botman,15,412,0,0,2,18,0.0,23.6,110.4,28.4,96.0,44,0.0
Bruno,Guimarães Rodriguez Moura,Bruno G.,15,3273,5,6,13,135,0.0,197.5,723.0,796.0,454.0,62,3.0
Dan,Burn,Burn,15,3330,1,1,13,115,0.0,115.8,736.6,123.6,297.0,46,12.6
Martin,Dúbravka,Dúbravka,15,900,0,0,5,44,0.0,22.0,220.2,0.0,0.0,40,1.3
Anthony,Gordon,Gordon,15,2428,6,6,10,124,0.0,196.8,537.0,777.3,655.0,74,8.0
Lewis,Hall,Hall,15,2188,0,7,8,102,0.0,125.3,561.6,561.2,128.0,47,4.4
Isaac,Hayden,Hayden,15,0,0,0,0,0,0.0,0.0,0.0,0.0,0.0,44,0.1
Alexander,Isak,Isak,15,2758,23,6,12,211,0.0,292.7,1043.0,573.1,1320.0,94,49.4
Jacob,Murphy,J.Murphy,15,2356,8,13,11,159,0.0,185.6,713.4,625.2,519.0,52,14.3
Joelinton Cássio,Apolinário de Lira,Joelinton,15,2394,4,4,10,99,0.0,132.7,469.8,389.3,465.0,60,1.1
Lloyd,Kelly,Kelly,15,299,0,1,0,12,0.0,12.6,80.6,29.0,20.0,42,0.1
Emil,Krafth,Krafth,15,334,0,0,1,17,0.0,9.3,59.2,19.7,13.0,43,0.1
Garang,Kuol,Kuol,15,0,0,0,0,0,0.0,0.0,0.0,0.0,0.0,44,0.1
Jamaal,Lascelles,Lascelles,15,0,0,0,0,0,0.0,0.0,0.0,0.0,0.0,45,0.0
Jamal,Lewis,Lewis,15,0,0,0,0,0,0.0,0.0,0.0,0.0,0.0,40,0.1
Tino,Livramento,Livramento,15,2835,0,1,10,105,0.0,110.1,567.4,406.2,127.0,46,8.9
Sean,Longstaff,Longstaff,15,783,0,1,2,34,0.0,27.3,117.2,78.4,76.0,44,0.3
Lewis,Miley,Miley,15,304,1,0,0,21,0.0,16.7,87.4,33.5,45.0,50,0.0
Odysseas,Vlachodimos,Odysseas,15,0,0,0,0,0,0.0,0.0,0.0,0.0,0.0,42,0.1
Nick,Pope,Pope,15,2520,0,0,8,102,0.0,67.4,666.0,10.0,0.0,50,6.1
John,Ruddy,Ruddy,15,0,0,0,0,0,0.0,0.0,0.0,0.0,0.0,39,0.3
Fabian,Schär,Schär,15,2935,4,2,11,118,0.0,119.6,743.2,111.5,346.0,55,5.0
Matt,Targett,Targett,15,20,0,0,0,2,0.0,1.0,5.0,5.6,0.0,39,0.3
Sandro,Tonali,Tonali,15,2625,4,2,11,106,0.0,133.5,539.4,496.3,299.0,55,0.9
Kieran,Trippier,Trippier,15,1299,0,3,6,72,0.0,76.1,319.4,406.8,33.0,56,4.4
Joe,White,White,15,0,0,0,0,0,0.0,0.0,0.0,0.0,0.0,45,0.1
Joe,Willock,Willock,15,1065,0,2,4,46,0.0,63.9,172.8,273.8,197.0,47,0.1
Callum,Wilson,Wilson,15,355,0,0,0,19,0.0,12.1,13.0,42.2,71.0,69,0.2
Miodrag,Pivaš,Pivas,15,0,0,0,0,0,0.0,0.0,0.0,0.0,0.0,40,0.1
William,Osula,Osula,15,124,1,0,0,19,0.0,10.5,42.4,25.1,37.0,49,0.2
Eddie,Howe,Howe,15,0,0,0,0,97,0.0,0.0,0.0,0.0,0.0,15,2.8
Sean,Neave,Neave,15,0,0,0,0,0,0.0,0.0,0.0,0.0,0.0,45,0.0
Álex,Moreno Lopera,Alex Moreno,16,952,0,1,3,34,0.0,36.4,200.8,134.5,29.0,42,0.4
Ola,Aina,Aina,16,2996,2,1,12,128,0.0,94.1,578.2,282.3,80.0,53,13.0
Elliot,Anderson,Anderson,16,2726,2,6,13,107,0.0,155.6,638.8,605.2,308.0,50,0.3
Taiwo,Awoniyi,Awoniyi,16,398,1,0,1,32,0.0,21.9,67.0,40.9,118.0,55,0.3
Willy,Boly,Boly,16,146,0,0,0,6,0.0,6.8,51.0,0.4,17.0,42,0.1
Josh,Bowler,Bowler,16,0,0,0,0,0,0.0,0.0,0.0,0.0,0.0,45,0.0
Carlos Miguel,dos Santos Pereira,C.Miguel,16,0,0,0,0,0,0.0,0.0,0.0,0.0,0.0,41,0.1
Eric,da Silva Moreira,Da Silva Moreira,16,28,0,0,0,2,0.0,0.6,5.2,0.3,0.0,43,0.1
Danilo,dos Santos de Oliveira,Danilo,16,270,0,0,1,11,0.0,3.9,34.6,5.0,0.0,47,0.0
Emmanuel,Dennis,Dennis,16,0,0,0,0,0,0.0,0.0,0.0,0.0,0.0,49,0.2
Nicolás,Domínguez,Dominguez,16,1954,0,1,7,54,0.0,89.4,410.2,247.2,237.0,48,0.0
Anthony,Elanga,Elanga,16,2496,6,11,12,153,0.0,199.8,627.0,785.4,582.0,55,9.4
Morgan,Gibbs-White,Gibbs-White,16,2806,7,11,13,154,0.0,210.6,680.4,793.7,632.0,65,7.4
Callum,Hudson-Odoi,Hudson-Odoi,16,2190,5,3,11,103,0.0,151.0,445.6,663.9,405.0,51,1.2
Alex,Mighten,Mighten,16,0,0,0,0,0,0.0,0.0,0.0,0.0,0.0,45,0.0
Murillo,Santiago Costa dos Santos,Murillo,16,3188,2,0,12,130,0.0,134.0,927.2,211.2,201.0,47,4.1
Neco,Williams,N.Williams,16,2588,1,3,10,109,0.0,118.0,628.4,305.3,244.0,45,4.0
Omar,Richards,O.Richards,16,0,0,0,0,0,0.0,0.0,0.0,0.0,0.0,45,0.0
Lewis,O'Brien,O'Brien,16,0,0,0,0,0,0.0,0.0,0.0,0.0,0.0,50,0.0
Andrew,Omobamidele,Omobamidele,16,0,0,0,0,0,0.0,0.0,0.0,0.0,0.0,42,0.0
Jonathan,Panzo,Panzo,16,0,0,0,0,0,0.0,0.0,0.0,0.0,0.0,40,0.0
Ibrahim,Sangaré,Sangaré,16,584,0,1,2,20,0.0,23.2,130.6,80.3,21.0,43,1.2
Matz,Sels,Sels,16,3420,0,1,13,150,0.0,96.7,942.2,20.2,0.0,52,19.9
Harry,Toffolo,Toffolo,16,135,0,0,0,4,0.0,5.1,40.2,4.1,6.0,42,0.1
Hwang,Ui-jo,Ui-jo,16,0,0,0,0,0,0.0,0.0,0.0,0.0,0.0,45,0.8
Chris,Wood,Wood,16,2958,20,3,15,200,0.0,205.6,838.4,320.0,900.0,72,30.8
Joe,Worrall,Worrall,16,0,0,0,0,0,0.0,0.0,0.0,0.0,0.0,45,0.0
Ryan,Yates,Yates,16,1901,2,2,6,67,0.0,85.4,344.4,241.1,265.0,48,0.1
Nikola,Milenković,Milenković,16,3330,5,2,13,145,0.0,127.2,805.2,107.9,361.0,52,18.0
João Pedro,Ferreira Silva,Jota Silva,16,835,3,2,1,52,0.0,64.6,221.8,182.9,239.0,59,0.1
Ramón,Sosa,Sosa,16,280,1,0,1,25,0.0,29.2,87.4,103.0,104.0,55,0.1
Felipe,Rodrigues da Silva,Morato,16,891,0,0,3,36,0.0,24.0,205.2,10.8,22.0,45,0.1
Zach,Abbott,Abbott,16,0,0,0,0,0,0.0,0.0,0.0,0.0,0.0,40,0.0
Wayne,Hennessey,Hennessey,16,0,0,0,0,0,0.0,0.0,0.0,0.0,0.0,40,0.0
Nuno Herlander,Simões Espírito Santo,Nuno,16,0,0,0,0,78,0.0,0.0,0.0,0.0,0.0,11,5.0
Aaron,Ramsdale,Ramsdale,17,2700,0,0,3,97,0.0,98.3,980.6,0.1,0.0,44,1.3
Cameron,Archer,Archer,17,1421,2,0,2,57,0.0,60.0,125.2,102.5,376.0,48,1.1
Lesley,Ugochukwu,Ugochukwu,17,1652,1,1,1,47,0.0,55.9,265.0,211.9,84.0,44,0.3
Ryan,Fraser,Fraser,17,303,0,0,0,7,0.0,6.7,35.8,26.8,13.0,48,0.0
Samuel,Amo-Ameyaw,Amo-Ameyaw,17,26,0,0,0,1,0.0,2.6,4.0,16.1,6.0,44,0.1
Joe,Aribo,Aribo,17,2007,3,0,1,72,0.0,92.3,386.2,293.0,242.0,49,0.1
Adam,Armstrong,Armstrong,17,1246,2,3,2,45,0.0,56.0,154.4,143.7,262.0,51,0.5
Gavin,Bazunu,Bazunu,17,0,0,0,0,0,0.0,0.0,0.0,0.0,0.0,43,0.1
Jan,Bednarek,Bednarek,17,2531,2,0,3,60,0.0,91.9,770.6,78.3,71.0,40,1.9
Armel,Bella-Kotchap,Bella-Kotchap,17,329,0,0,0,2,0.0,7.0,64.6,2.3,4.0,39,0.4
James,Bree,Bree,17,1070,0,1,1,23,0.0,39.0,187.4,159.4,43.0,39,0.3
Shea,Charles,Charles,17,0,0,0,0,0,0.0,0.0,0.0,0.0,0.0,45,0.0
Samuel,Edozie,Edozie,17,64,0,0,0,1,0.0,5.1,9.8,19.0,22.0,49,0.0
Ronnie,Edwards,Edwards,17,12,0,0,0,1,0.0,0.5,5.0,0.1,0.0,39,0.2
Taylor,Harwood-Bellis,Harwood-Bellis,17,2824,1,0,3,55,0.0,119.9,727.0,218.3,252.0,39,4.1
Kamaldeen,Sulemana,Kamaldeen,17,1394,1,2,3,53,0.0,65.7,187.2,182.4,290.0,50,0.0
Adam,Lallana,Lallana,17,352,0,2,0,17,0.0,18.4,81.2,82.4,21.0,50,0.0
Juan,Larios López,Larios,17,0,0,0,0,0,0.0,0.0,0.0,0.0,0.0,39,0.1
Mateusz,Lis,Lis,17,0,0,0,0,0,0.0,0.0,0.0,0.0,0.0,40,0.1
Joe,Lumley,Lumley,17,270,0,0,0,8,0.0,10.2,102.2,0.0,0.0,40,0.4
Ryan,Manning,Manning,17,1458,0,2,1,34,0.0,87.6,307.4,498.3,71.0,43,0.1
Sékou,Mara,Mara,17,0,0,0,0,0,0.0,0.0,0.0,0.0,0.0,50,0.0
Alex,McCarthy,McCarthy,17,450,0,0,0,12,0.0,16.7,166.4,0.0,0.0,42,0.1
Paul,Onuachu,Onuachu,17,1038,4,1,1,51,0.0,81.7,219.8,127.3,479.0,49,0.3
Will,Smallbone,Smallbone,17,679,1,0,0,26,0.0,33.9,112.6,163.3,64.0,50,0.0
Jack,Stephens,Stephens,17,1389,1,0,2,31,0.0,41.5,291.8,71.6,51.0,40,0.3
Ross,Stewart,Stewart,17,382,1,0,1,20,0.0,16.3,54.4,15.4,96.0,44,1.7
Sugawara,Yukinari,Sugawara,17,1548,1,1,2,43,0.0,74.2,315.4,291.3,137.0,42,0.1
Charlie,Taylor,Taylor,17,353,0,0,0,6,0.0,13.5,102.0,27.8,4.0,39,3.0
Kyle,Walker-Peters,Walker-Peters,17,2918,0,3,2,54,0.0,114.4,503.8,406.8,237.0,42,0.3
Nathan,Wood-Gordon,Wood,17,771,0,0,1,14,0.0,17.6,137.8,20.3,16.0,39,1.0
Maxwel,Cornet,Cornet,17,71,0,0,0,1,0.0,2.2,11.6,3.5,7.0,47,0.0
Flynn,Downes,Downes,17,2149,1,0,4,48,0.0,71.0,297.6,292.2,118.0,47,0.0
Ben,Brereton Díaz,Brereton Díaz,17,446,0,0,0,13,0.0,16.8,21.8,63.6,81.0,48,0.1
Tyler,Dibling,Dibling,17,1863,2,2,3,68,0.0,87.0,261.0,344.5,264.0,43,1.4
Mateus Gonçalo,Espanha Fernandes,M.Fernandes,17,2911,2,4,5,95,0.0,157.8,553.4,649.5,372.0,50,0.1
Joseph,O'Brien-Whitmarsh,O'Brien-Whitmarsh,17,0,0,0,0,0,0.0,0.0,0.0,0.0,0.0,45,0.0
Welington Damascena,Santos,Welington,17,478,0,0,1,14,0.0,19.0,120.2,58.4,11.0,40,0.0
Joachim,Kayi-Sanda,Kayi Sanda,17,12,0,0,0,2,0.0,0.6,3.2,0.3,2.0,40,0.0
Albert,Grønbæk,Grønbæk,17,141,0,0,0,6,0.0,3.7,15.8,11.4,9.0,49,0.0
Simon,Rusk,Rusk,17,0,0,0,0,38,0.0,0.0,0.0,0.0,0.0,5,0.1
Jay,Robinson,Jay Robinson,17,134,0,0,0,5,0.0,8.6,21.8,34.4,29.0,44,0.0
Jayden,Moore,Moore,17,0,0,0,0,0,0.0,0.0,0.0,0.0,0.0,40,0.0
Dominic,Solanke-Mitchell,Solanke,18,2199,9,5,4,108,0.0,142.1,505.8,199.8,729.0,73,4.7
Ashley,Phillips,A.Phillips,18,0,0,0,0,0,0.0,0.0,0.0,0.0,0.0,40,0.1
Brandon,Austin,Austin,18,90,0,0,0,1,0.0,2.0,20.0,0.0,0.0,40,0.4
Rodrigo,Bentancur,Bentancur,18,1640,2,0,3,49,0.0,70.2,324.6,208.5,165.0,49,0.1
Lucas,Bergvall,Bergvall,18,1200,0,2,3,44,0.0,55.0,237.2,218.7,97.0,44,0.8
Yves,Bissouma,Bissouma,18,1396,2,0,3,50,0.0,48.0,283.8,133.8,59.0,48,0.2
Bryan,Gil Salvatierra,Bryan,18,0,0,0,0,0,0.0,0.0,0.0,0.0,0.0,50,0.0
Ben,Davies,Davies,18,1329,0,0,3,28,0.0,43.7,343.6,42.1,49.0,43,0.2
Alfie,Devine,Devine,18,0,0,0,0,0,0.0,0.0,0.0,0.0,0.0,45,0.0
Radu,Drăgușin,Dragusin,18,1250,0,0,2,24,0.0,36.2,256.4,58.1,47.0,43,0.1
Emerson,Leite de Souza Junior,E.Royal,18,0,0,0,0,0,0.0,0.0,0.0,0.0,0.0,45,0.0
Fraser,Forster,Forster,18,630,0,0,1,19,0.0,22.2,221.0,0.0,0.0,43,0.3
Archie,Gray,Gray,18,1750,0,0,2,45,0.0,34.3,254.6,71.4,15.0,46,0.2
Pierre-Emile,Højbjerg,Højbjerg,18,0,0,0,0,0,0.0,0.0,0.0,0.0,0.0,50,0.0
Brennan,Johnson,Johnson,18,2171,11,6,2,137,0.0,161.0,559.6,295.0,761.0,62,2.3
Dejan,Kulusevski,Kulusevski,18,2386,7,4,6,117,0.0,218.7,613.6,843.8,733.0,62,2.2
Giovani,Lo Celso,Lo Celso,18,0,0,0,0,0,0.0,0.0,0.0,0.0,0.0,49,0.0
James,Maddison,Maddison,18,1799,9,8,6,133,0.0,187.8,683.4,702.3,495.0,74,3.8
Pedro,Porro,Pedro Porro,18,2606,2,6,6,98,0.0,191.2,778.4,932.9,200.0,52,16.5
Sergio,Reguilón,Reguilón,18,194,0,0,0,2,0.0,7.2,33.4,25.2,13.0,41,0.2
Richarlison,de Andrade,Richarlison,18,497,4,1,1,35,0.0,47.4,180.8,57.1,243.0,68,0.4
Cristian,Romero,Romero,18,1416,1,1,3,49,0.0,69.0,343.2,113.1,232.0,49,3.5
Pape Matar,Sarr,P.M.Sarr,18,1901,3,2,2,71,0.0,87.2,398.4,257.2,220.0,47,0.2
Dane,Scarlett,Scarlett,18,31,0,1,0,6,0.0,5.2,24.4,11.0,17.0,44,0.7
Manor,Solomon,Solomon,18,0,0,0,0,0,0.0,0.0,0.0,0.0,0.0,54,0.0
Son,Heung-min,Son,18,2106,7,10,4,129,0.0,207.2,629.6,734.9,707.0,97,4.1
Djed,Spence,Spence,18,1790,1,2,3,51,0.0,76.1,433.0,226.6,100.0,44,0.7
Destiny,Udogie,Udogie,18,1923,0,1,2,43,0.0,74.5,354.8,256.5,132.0,48,1.5
Micky,van de Ven,Van de Ven,18,1014,0,2,2,32,0.0,30.9,212.0,39.4,57.0,45,2.4
Alejo,Véliz,Veliz,18,0,0,0,0,0,0.0,0.0,0.0,0.0,0.0,50,0.0
Guglielmo,Vicario,Vicario,18,2160,0,0,4,66,0.0,58.5,587.8,0.0,0.0,48,1.8
Timo,Werner,Werner,18,504,0,3,1,34,0.0,37.1,114.6,148.0,113.0,62,0.1
Alfie,Whiteman,Whiteman,18,0,0,0,0,0,0.0,0.0,0.0,0.0,0.0,39,1.7
Will,Lankshear,Lankshear,18,10,0,0,0,3,0.0,0.0,0.0,0.0,0.0,45,1.0
Mikey,Moore,Moore,18,359,0,2,0,19,0.0,11.0,33.2,45.2,34.0,45,0.2
Wilson,Odobert,Odobert,18,843,1,0,1,34,0.0,36.7,101.2,108.6,156.0,53,0.0
Callum,Olusesi,Olusesi,18,0,0,0,0,0,0.0,0.0,0.0,0.0,0.0,45,0.0
Malachi,Hardy,Hardy,18,0,0,0,0,0,0.0,0.0,0.0,0.0,0.0,40,0.0
Luca,Williams-Barnett,Williams-Barnett,18,0,0,0,0,0,0.0,0.0,0.0,0.0,0.0,45,0.0
Alfie,Dorrington,Dorrington,18,13,0,0,0,1,0.0,0.1,1.0,0.2,0.0,40,0.0
Maeson,King,King,18,0,0,0,0,0,0.0,0.0,0.0,0.0,0.0,40,0.0
Antonín,Kinsky,Kinsky,18,540,0,0,1,17,0.0,21.7,208.2,10.1,0.0,41,0.1
Min-Hyeok,Yang,Yang,18,0,0,0,0,0,0.0,0.0,0.0,0.0,0.0,45,0.0
Damola,Ajayi,Ajayi,18,0,0,0,0,0,0.0,0.0,0.0,0.0,0.0,45,0.0
Ange,Postecoglou,Postecoglou,18,0,0,0,0,58,0.0,0.0,0.0,0.0,0.0,11,1.3
Dante,Cassanova,Cassanova,18,0,0,0,0,0,0.0,0.0,0.0,0.0,0.0,40,0.0
Kevin,Danso,Danso,18,842,0,0,1,16,0.0,34.9,242.0,34.4,72.0,44,0.0
Mathys,Tel,Tel,18,908,2,2,2,42,0.0,62.3,183.8,208.3,236.0,58,0.1
Evan,Ferguson,Ferguson,19,385,1,0,1,28,0.0,25.0,80.0,68.5,104.0,55,0.3
Aaron,Wan-Bissaka,Wan-Bissaka,19,3154,2,6,6,118,0.0,152.7,807.4,531.5,188.0,45,6.4
Edson,Álvarez Velázquez,Álvarez,19,1769,0,1,3,40,0.0,54.7,281.8,213.9,51.0,50,0.1
Michail,Antonio,Antonio,19,834,1,4,4,42,0.0,39.5,72.0,139.5,194.0,52,0.8
Alphonse,Areola,Areola,19,2259,0,0,4,69,0.0,62.1,619.8,0.0,0.0,42,7.2
Jarrod,Bowen,Bowen,19,2974,13,11,8,193,0.0,271.9,903.0,737.8,1081.0,79,18.0
Vladimír,Coufal,Coufal,19,1056,0,0,2,27,0.0,41.3,204.0,142.0,70.0,41,0.4
Aaron,Cresswell,Cresswell,19,818,0,0,3,36,0.0,31.4,148.4,152.3,14.0,39,1.7
George,Earthy,Earthy,19,0,0,0,0,0,0.0,0.0,0.0,0.0,0.0,45,0.0
Emerson,Palmieri dos Santos,Emerson,19,2108,2,1,5,76,0.0,90.4,420.4,310.9,173.0,44,0.6
Łukasz,Fabiański,Fabianski,19,1160,0,0,2,39,0.0,38.7,387.8,0.3,0.0,39,10.0
Wes,Foderingham,Foderingham,19,0,0,0,0,0,0.0,0.0,0.0,0.0,0.0,42,0.1
Danny,Ings,Ings,19,270,1,3,0,32,0.0,33.4,97.0,76.5,159.0,48,1.2
Max,Kilman,Kilman,19,3348,0,1,6,82,0.0,118.8,832.6,203.3,149.0,43,1.3
Mohammed,Kudus,Kudus,19,2589,5,4,7,106,0.0,177.5,471.6,552.5,752.0,62,2.6
Luis Guilherme,Lira dos Santos,L.Guilherme,19,139,0,0,0,12,0.0,10.8,27.6,49.1,32.0,46,0.0
Lucas,Tolentino Coelho de Lima,L.Paquetá,19,2374,4,1,4,80,0.0,132.6,433.2,627.7,267.0,57,0.9
Konstantinos,Mavropanos,Mavropanos,19,2035,0,0,2,45,0.0,73.2,497.0,74.9,160.0,43,0.1
Nayef,Aguerd,N.Aguerd,19,0,0,0,0,0,0.0,0.0,0.0,0.0,0.0,44,0.0
Tomáš,Souček,Souček,19,2563,9,2,7,126,0.0,154.0,672.6,231.8,643.0,48,1.5
James,Ward-Prowse,Ward-Prowse,19,1433,1,2,5,51,0.0,80.0,282.4,378.3,138.0,61,0.5
Kurt,Zouma,Zouma,19,0,0,0,0,0,0.0,0.0,0.0,0.0,0.0,44,0.1
Andy,Irving,Irving,19,161,0,0,0,9,0.0,8.1,37.6,26.5,17.0,47,0.0
Crysencio,Summerville,Summerville,19,776,1,1,2,33,0.0,58.7,156.4,246.1,186.0,55,0.3
Guido,Rodríguez,G.Rodríguez,19,1147,0,1,4,36,0.0,31.5,205.4,79.7,29.0,48,0.1
Niclas,Füllkrug,Füllkrug,19,783,3,2,2,42,0.0,56.8,187.2,173.3,221.0,67,0.9
Jean-Clair,Todibo,Todibo,19,1824,0,0,5,54,0.0,44.5,373.0,37.1,35.0,42,0.3
Kaelan,Casey,Casey,19,1,0,0,0,1,0.0,0.2,2.0,0.0,0.0,40,0.2
Carlos,Soler,C.Soler,19,1394,1,1,2,47,0.0,67.2,189.0,295.8,186.0,50,0.0
Ollie,Scarles,Scarles,19,659,0,0,2,29,0.0,18.6,106.4,54.3,24.0,40,0.1
Ezra,Mayers,Mayers,19,0,0,0,0,0,0.0,0.0,0.0,0.0,0.0,40,0.0
Lewis,Orford,Orford,19,47,0,0,0,2,0.0,4.0,6.4,27.6,6.0,45,0.0
Graham,Potter,Potter,19,0,0,0,0,84,0.0,0.0,0.0,0.0,0.0,5,2.6
Sam,Johnstone,Johnstone,20,630,0,0,0,12,0.0,20.4,193.8,10.0,0.0,41,0.2
Rayan,Aït-Nouri,Aït-Nouri,20,3112,4,7,7,125,0.0,191.0,778.4,694.3,435.0,51,15.0
Boubacar,Traoré,B.Traore,20,1,0,0,0,1,0.0,0.4,4.0,0.0,0.0,48,0.0
Jean-Ricner,Bellegarde,Bellegarde,20,1666,2,7,6,90,0.0,97.2,355.6,422.8,200.0,49,0.2
Daniel,Bentley,Bentley,20,180,0,0,1,9,0.0,6.0,60.0,0.0,0.0,39,1.7
Francisco Jorge,Tomás Oliveira,Chiquinho,20,6,0,0,0,1,0.0,1.9,3.0,14.3,2.0,45,0.1
Tawanda,Chirewa,Chirewa,20,0,0,0,0,0,0.0,0.0,0.0,0.0,0.0,45,0.0
Leon,Chiwome,Chiwome,20,0,0,0,0,0,0.0,0.0,0.0,0.0,0.0,44,1.1
Luke,Cundle,Cundle,20,0,0,0,0,0,0.0,0.0,0.0,0.0,0.0,45,0.1
Matheus,Santos Carneiro Da Cunha,Cunha,20,2596,15,7,7,178,0.0,272.2,936.2,847.8,940.0,70,13.6
Craig,Dawson,Dawson,20,969,0,1,1,17,0.0,29.1,204.2,31.3,55.0,42,0.1
Matt,Doherty,Doherty,20,2105,2,1,6,75,0.0,81.8,502.2,179.9,135.0,43,0.3
Tommy,Doyle,Doyle,20,474,0,1,0,28,0.0,25.3,114.6,101.7,34.0,47,0.0
Fábio,Silva,Fábio Silva,20,0,0,0,0,0,0.0,0.0,0.0,0.0,0.0,50,0.1
Nathan,Fraser,Fraser,20,0,0,0,0,0,0.0,0.0,0.0,0.0,0.0,45,1.0
Enso,González,Gonzalez,20,0,0,0,0,0,0.0,0.0,0.0,0.0,0.0,44,0.0
Gonçalo Manuel,Ganchinho Guedes,Guedes,20,979,2,4,3,62,0.0,64.0,215.8,213.9,217.0,53,0.1
Hugo,Bueno López,H.Bueno,20,0,0,0,0,0,0.0,0.0,0.0,0.0,0.0,45,0.0
Hwang,Hee-chan,Hee Chan,20,646,2,1,0,37,0.0,26.7,111.6,72.7,84.0,61,0.2
Joe,Hodge,Hodge,20,0,0,0,0,0,0.0,0.0,0.0,0.0,0.0,45,0.2
Ki-Jana,Hoever,Hoever,20,0,0,0,0,0,0.0,0.0,0.0,0.0,0.0,40,0.1
João Victor,Gomes da Silva,J.Gomes,20,2975,3,1,6,87,0.0,117.3,513.4,428.9,231.0,49,0.2
José,Malheiro de Sá,José Sá,20,2610,0,0,7,93,0.0,63.4,603.4,30.0,0.0,44,2.8
Saša,Kalajdžić,Kalajdžić,20,0,0,0,0,0,0.0,0.0,0.0,0.0,0.0,48,0.0
Tom,King,King,20,1,0,0,0,1,0.0,0.0,0.0,0.0,0.0,39,1.2
Mario,Lemina,Mario Jr.,20,1363,1,3,1,47,0.0,64.4,356.8,166.7,120.0,48,0.1
Yerson,Mosquera,Mosquera,20,441,0,0,0,3,0.0,16.0,110.2,27.3,21.0,38,0.7
Nélson,Cabral Semedo,N.Semedo,20,2889,0,4,8,84,0.0,106.0,504.6,404.9,149.0,45,0.6
Pedro,Cardoso de Lima,Pedro Lima,20,69,0,0,0,2,0.0,6.9,23.4,34.8,11.0,39,1.2
Daniel,Castelo Podence,Podence,20,46,0,0,0,2,0.0,0.4,3.0,1.1,1.0,55,0.0
Rodrigo,Martins Gomes,R.Gomes,20,794,2,0,1,42,0.0,47.6,186.6,180.2,113.0,51,0.1
Santiago,Bueno,S.Bueno,20,1678,0,0,5,52,0.0,44.2,345.4,15.8,80.0,43,0.1
Pablo,Sarabia,Sarabia,20,800,3,2,1,50,0.0,63.8,217.6,245.9,177.0,50,0.1
Jørgen,Strand Larsen,Strand Larsen,20,2587,14,4,7,145,0.0,179.5,646.8,303.4,848.0,52,2.6
Toti António,Gomes,Toti,20,2613,0,1,8,79,0.0,86.5,617.2,144.2,102.0,43,0.3
Bastien,Meupiyou,Meupiyou,20,0,0,0,0,0,0.0,0.0,0.0,0.0,0.0,39,0.2
André,Trindade da Costa Neto,André,20,2472,0,0,7,61,0.0,69.7,383.2,285.5,30.0,50,0.0
Carlos Roberto,Forbs Borges,Forbs,20,236,0,0,0,9,0.0,8.3,25.8,24.2,35.0,54,0.0
Alfie,Pond,Pond,20,1,0,0,0,1,0.0,0.0,0.0,0.0,0.0,39,0.7
Tom,Edozie,Edozie,20,0,0,0,0,0,0.0,0.0,0.0,0.0,0.0,45,0.0
Wes,Okoduwa,Okoduwa,20,0,0,0,0,0,0.0,0.0,0.0,0.0,0.0,40,0.0
Emmanuel,Agbadou,Agbadou,20,1410,1,0,4,45,0.0,52.0,395.2,57.3,67.0,40,0.4
Vítor Manuel,de Oliveira Lopes Pereira,Pereira,20,0,0,0,0,111,0.0,0.0,0.0,0.0,0.0,8,2.3
Nasser,Djiga,Djiga,20,65,0,0,0,4,0.0,0.8,5.6,2.1,0.0,45,0.0
Marshall,Munetsi,Munetsi,20,1077,2,2,5,50,0.0,52.3,176.8,132.9,212.0,50,0.1
Mateus,Mané,Mané,20,1,0,0,0,1,0.0,0.0,0.0,0.3,0.0,45,0.1
